3,12/06/22,15:55:58,False,0
[68, 64, 68, 65, 66, 75, 71, 75, 65, 62, 63, 61, 67, 68, 65, 67, 61, 64, 68, 65, 65, 65, 65, 65, 62, 64, 66, 63, 66, 63, 67, 68, 63, 60, 67, 65, 65, 66, 64, 69, 59, 60, 61, 60, 62, 69, 63, 63, 59, 58, 63, 62, 62, 59, 64, 61, 57, 52, 54, 61, 63, 56, 59, 59]
3,12/06/22,15:56:17,False,0
[63, 66, 68, 66, 67, 68, 70, 71, 62, 61, 66, 63, 67, 69, 64, 67, 65, 66, 68, 66, 65, 64, 68, 69, 63, 64, 65, 66, 68, 65, 67, 64, 65, 61, 66, 64, 67, 63, 67, 68, 59, 62, 63, 63, 66, 67, 62, 61, 56, 61, 66, 64, 63, 61, 65, 62, 56, 54, 57, 60, 65, 60, 59, 65]
3,12/06/22,15:56:37,False,0
[64, 65, 69, 66, 69, 69, 70, 72, 61, 62, 66, 61, 68, 71, 70, 70, 62, 64, 67, 63, 63, 65, 69, 64, 59, 64, 65, 63, 66, 62, 66, 65, 66, 61, 65, 65, 68, 67, 66, 68, 61, 58, 64, 64, 65, 70, 65, 64, 58, 61, 62, 62, 62, 60, 65, 62, 57, 52, 57, 58, 63, 53, 60, 63]
3,12/06/22,15:56:56,False,0
[65, 61, 69, 67, 70, 70, 71, 70, 65, 59, 64, 64, 67, 68, 66, 71, 62, 65, 66, 65, 63, 65, 66, 64, 62, 64, 63, 65, 65, 59, 66, 65, 65, 63, 68, 65, 67, 66, 65, 67, 59, 60, 64, 61, 66, 68, 66, 64, 57, 60, 65, 62, 66, 62, 67, 63, 59, 54, 60, 59, 67, 60, 59, 65]
3,12/06/22,15:57:16,False,0
[64, 63, 68, 67, 67, 73, 72, 73, 62, 62, 64, 65, 64, 69, 66, 69, 61, 62, 65, 64, 65, 65, 65, 63, 61, 65, 66, 64, 67, 65, 65, 64, 67, 64, 68, 61, 66, 65, 64, 68, 58, 61, 64, 63, 63, 65, 65, 65, 57, 59, 63, 61, 64, 61, 65, 63, 56, 50, 58, 55, 61, 59, 57, 59]
3,12/06/22,15:57:35,False,0
[67, 62, 67, 66, 67, 68, 73, 73, 61, 61, 65, 65, 68, 69, 66, 69, 66, 63, 65, 63, 64, 65, 71, 67, 63, 62, 66, 64, 65, 65, 68, 65, 64, 63, 66, 66, 68, 66, 64, 70, 64, 58, 63, 59, 64, 68, 66, 64, 60, 60, 64, 62, 67, 65, 65, 61, 60, 56, 59, 58, 63, 56, 60, 64]
3,12/06/22,15:57:55,False,0
[67, 62, 67, 68, 67, 73, 72, 72, 63, 61, 67, 61, 66, 71, 66, 69, 63, 63, 67, 65, 63, 65, 67, 63, 62, 64, 68, 64, 65, 64, 68, 64, 63, 63, 67, 63, 68, 67, 66, 69, 61, 59, 66, 61, 62, 67, 64, 65, 61, 60, 63, 64, 64, 61, 64, 64, 57, 54, 60, 59, 59, 58, 58, 67]
3,12/06/22,15:58:34,False,0
[63, 61, 69, 70, 66, 71, 71, 69, 65, 60, 63, 63, 64, 67, 65, 67, 66, 63, 67, 64, 64, 64, 69, 64, 61, 65, 64, 63, 67, 63, 68, 67, 66, 63, 66, 64, 68, 64, 65, 68, 64, 60, 62, 64, 63, 67, 64, 63, 54, 62, 61, 64, 62, 63, 61, 61, 58, 53, 55, 57, 63, 57, 61, 62]
3,12/06/22,15:58:54,False,0
[63, 64, 68, 67, 68, 74, 73, 71, 63, 60, 63, 64, 67, 68, 66, 71, 63, 64, 66, 65, 64, 67, 68, 65, 59, 64, 66, 66, 68, 64, 69, 67, 62, 64, 64, 66, 65, 65, 65, 69, 63, 62, 65, 63, 65, 64, 66, 63, 58, 63, 63, 64, 62, 65, 63, 64, 57, 52, 59, 58, 62, 59, 61, 66]
3,12/06/22,15:59:33,False,0
[65, 64, 66, 67, 69, 72, 69, 69, 64, 61, 64, 60, 68, 70, 66, 69, 66, 63, 68, 65, 64, 64, 67, 65, 62, 63, 65, 65, 67, 64, 68, 67, 64, 59, 68, 66, 67, 66, 63, 69, 61, 61, 65, 61, 67, 66, 65, 64, 56, 63, 63, 63, 65, 65, 65, 63, 59, 53, 58, 58, 63, 62, 57, 64]
3,12/06/22,15:59:52,False,0
[65, 66, 67, 67, 68, 72, 72, 70, 64, 61, 67, 63, 64, 72, 65, 69, 65, 65, 67, 63, 64, 65, 66, 64, 61, 65, 67, 64, 66, 64, 68, 64, 68, 59, 67, 62, 66, 65, 63, 70, 61, 57, 64, 64, 67, 67, 65, 62, 57, 60, 65, 65, 64, 63, 65, 64, 57, 56, 57, 60, 62, 57, 60, 67]
3,12/06/22,16:00:12,False,0
[65, 64, 68, 69, 68, 73, 70, 71, 62, 62, 68, 63, 67, 71, 67, 71, 64, 62, 65, 66, 64, 67, 68, 65, 62, 65, 67, 62, 66, 62, 65, 65, 66, 63, 67, 66, 66, 65, 67, 66, 63, 62, 65, 63, 64, 69, 66, 62, 61, 56, 64, 63, 64, 62, 66, 62, 57, 57, 58, 58, 62, 55, 59, 64]
3,12/06/22,16:00:32,False,0
[61, 65, 67, 68, 70, 69, 71, 72, 63, 61, 66, 62, 64, 67, 65, 70, 62, 65, 66, 66, 64, 67, 66, 66, 63, 65, 65, 66, 69, 63, 67, 64, 62, 63, 65, 65, 68, 66, 65, 69, 59, 60, 64, 62, 63, 68, 67, 61, 59, 61, 66, 62, 64, 60, 67, 64, 59, 52, 61, 57, 62, 59, 62, 65]
3,12/06/22,16:00:51,False,0
[63, 62, 66, 65, 68, 74, 69, 70, 65, 60, 66, 63, 65, 69, 67, 71, 62, 64, 65, 64, 65, 67, 68, 66, 63, 63, 67, 62, 67, 64, 64, 65, 64, 65, 68, 64, 68, 65, 66, 69, 63, 59, 65, 64, 64, 66, 65, 65, 59, 60, 67, 66, 62, 64, 66, 64, 61, 53, 58, 60, 65, 58, 60, 64]
3,12/06/22,16:01:11,False,0
[66, 65, 71, 68, 67, 71, 73, 74, 61, 60, 65, 66, 63, 69, 66, 70, 66, 66, 68, 64, 66, 65, 66, 67, 63, 66, 67, 65, 67, 63, 69, 63, 66, 62, 66, 66, 66, 64, 66, 68, 59, 61, 66, 62, 68, 69, 66, 63, 60, 58, 63, 64, 65, 64, 66, 61, 56, 52, 59, 59, 64, 57, 57, 66]
3,12/06/22,16:01:30,False,0
[68, 67, 70, 68, 69, 71, 73, 69, 62, 63, 66, 63, 68, 66, 69, 70, 65, 67, 69, 65, 65, 66, 67, 67, 62, 62, 67, 64, 64, 66, 66, 64, 65, 65, 67, 65, 68, 66, 67, 71, 60, 62, 64, 64, 66, 68, 68, 67, 57, 59, 68, 66, 63, 63, 66, 63, 62, 55, 57, 58, 65, 56, 62, 66]
3,12/06/22,16:01:50,False,0
[66, 63, 71, 65, 69, 71, 70, 72, 62, 63, 66, 63, 67, 72, 69, 71, 65, 63, 68, 66, 65, 66, 69, 66, 63, 64, 67, 66, 66, 67, 68, 65, 66, 64, 68, 66, 68, 68, 67, 68, 63, 62, 65, 64, 67, 68, 65, 65, 60, 62, 63, 64, 63, 63, 64, 66, 59, 56, 61, 61, 63, 61, 59, 65]
3,12/06/22,16:02:09,True,0
[67, 59, 67, 67, 69, 71, 71, 71, 62, 62, 64, 64, 68, 71, 66, 69, 61, 66, 67, 64, 66, 65, 70, 67, 60, 65, 66, 65, 68, 66, 66, 66, 69, 62, 69, 67, 66, 67, 67, 70, 62, 62, 64, 65, 63, 69, 63, 63, 60, 61, 66, 66, 64, 65, 64, 62, 61, 55, 55, 62, 62, 57, 62, 62]
3,12/06/22,16:02:29,True,0
[64, 66, 71, 68, 70, 72, 71, 70, 63, 63, 65, 64, 67, 72, 66, 71, 64, 64, 68, 65, 66, 65, 69, 67, 62, 66, 68, 64, 66, 66, 70, 67, 64, 64, 67, 65, 66, 67, 68, 71, 61, 62, 66, 65, 65, 67, 68, 63, 61, 63, 66, 64, 64, 65, 65, 62, 62, 56, 59, 63, 61, 60, 62, 66]
3,12/06/22,16:02:48,False,0
[66, 66, 65, 69, 69, 74, 72, 71, 66, 62, 69, 63, 67, 71, 68, 68, 66, 64, 67, 68, 64, 67, 70, 66, 63, 63, 67, 63, 65, 62, 67, 67, 64, 61, 66, 64, 67, 69, 67, 71, 60, 59, 63, 64, 67, 69, 64, 62, 58, 60, 63, 63, 63, 63, 66, 65, 59, 56, 61, 58, 64, 58, 58, 67]
3,12/06/22,16:03:08,False,0
[62, 64, 70, 69, 68, 73, 69, 69, 66, 62, 66, 63, 66, 71, 65, 70, 64, 65, 68, 66, 66, 67, 69, 65, 63, 63, 67, 66, 68, 64, 68, 68, 66, 61, 66, 66, 66, 66, 64, 69, 60, 60, 64, 61, 66, 69, 66, 63, 60, 56, 64, 63, 65, 63, 63, 63, 59, 52, 59, 59, 66, 56, 60, 62]
3,12/06/22,16:03:28,False,0
[65, 65, 69, 68, 70, 74, 71, 72, 66, 62, 65, 64, 69, 70, 67, 70, 65, 66, 65, 63, 65, 66, 65, 66, 63, 65, 68, 64, 69, 65, 67, 65, 64, 65, 68, 67, 68, 67, 68, 70, 60, 61, 64, 63, 66, 67, 65, 66, 59, 61, 66, 64, 64, 65, 68, 66, 61, 53, 58, 63, 64, 56, 62, 65]
3,12/06/22,16:03:47,True,0
[61, 63, 67, 67, 70, 68, 70, 71, 65, 61, 64, 63, 68, 70, 67, 69, 63, 67, 69, 65, 67, 65, 68, 66, 63, 65, 66, 64, 69, 65, 70, 66, 62, 63, 70, 65, 67, 67, 67, 67, 62, 60, 62, 64, 65, 69, 66, 67, 60, 61, 64, 64, 63, 62, 67, 68, 61, 55, 56, 60, 62, 60, 60, 63]
3,12/06/22,16:04:07,True,0
[66, 63, 73, 70, 71, 73, 71, 73, 62, 60, 65, 66, 66, 72, 67, 70, 62, 62, 68, 67, 64, 68, 71, 69, 63, 61, 68, 66, 67, 65, 65, 65, 65, 64, 67, 66, 68, 68, 65, 69, 62, 62, 63, 63, 69, 68, 67, 63, 57, 58, 67, 66, 67, 62, 67, 65, 60, 54, 58, 57, 64, 59, 61, 66]
3,12/06/22,16:04:26,True,0
[65, 65, 70, 69, 68, 72, 71, 71, 62, 60, 66, 63, 68, 68, 69, 73, 64, 64, 67, 67, 66, 67, 68, 65, 65, 65, 66, 67, 67, 67, 68, 66, 65, 65, 67, 66, 66, 71, 66, 71, 62, 59, 64, 65, 64, 66, 67, 63, 58, 61, 65, 64, 67, 66, 65, 65, 59, 57, 58, 62, 62, 61, 57, 63]
3,12/06/22,16:04:46,False,0
[63, 60, 70, 68, 68, 71, 73, 75, 65, 60, 67, 63, 71, 70, 67, 70, 64, 65, 68, 67, 66, 65, 66, 69, 61, 64, 66, 66, 71, 67, 69, 65, 66, 63, 67, 66, 69, 67, 67, 67, 61, 60, 64, 64, 67, 68, 66, 64, 63, 63, 68, 64, 66, 64, 65, 67, 59, 57, 61, 60, 62, 59, 60, 68]
3,12/06/22,16:05:05,False,0
[63, 65, 67, 66, 69, 72, 71, 74, 64, 62, 66, 64, 67, 72, 67, 69, 61, 65, 68, 65, 66, 66, 69, 67, 61, 65, 67, 67, 67, 64, 66, 67, 65, 62, 67, 67, 67, 66, 67, 67, 62, 60, 62, 62, 68, 68, 69, 63, 56, 58, 66, 62, 64, 62, 66, 62, 62, 58, 62, 60, 65, 60, 60, 62]
3,12/06/22,16:05:25,False,0
[64, 63, 69, 67, 70, 71, 73, 71, 64, 63, 64, 64, 68, 69, 67, 70, 63, 64, 68, 65, 65, 63, 67, 65, 64, 63, 68, 65, 67, 66, 68, 66, 67, 63, 66, 66, 68, 68, 65, 70, 62, 61, 64, 65, 68, 69, 68, 63, 57, 58, 64, 65, 65, 63, 67, 64, 62, 58, 58, 60, 65, 58, 61, 64]
3,12/06/22,16:05:45,False,0
[69, 62, 71, 68, 68, 71, 70, 71, 65, 61, 64, 63, 68, 71, 68, 71, 62, 65, 68, 67, 66, 64, 68, 67, 63, 64, 68, 65, 66, 64, 66, 68, 64, 64, 67, 66, 68, 67, 68, 72, 62, 60, 64, 62, 67, 66, 68, 64, 60, 58, 66, 64, 64, 66, 66, 64, 62, 62, 59, 58, 64, 60, 58, 66]
3,12/06/22,16:06:04,False,0
[65, 63, 66, 67, 70, 72, 74, 71, 66, 61, 64, 63, 68, 69, 68, 70, 66, 64, 67, 65, 64, 64, 71, 64, 60, 66, 67, 64, 68, 64, 67, 66, 66, 64, 66, 66, 70, 68, 69, 69, 59, 59, 64, 63, 67, 69, 68, 67, 59, 61, 65, 66, 63, 63, 67, 69, 61, 54, 56, 59, 64, 57, 61, 62]
3,12/06/22,16:06:24,True,0
[63, 64, 69, 68, 68, 70, 69, 72, 61, 62, 67, 64, 68, 71, 66, 67, 65, 67, 68, 65, 66, 64, 69, 69, 64, 66, 67, 65, 68, 65, 66, 69, 65, 62, 66, 66, 67, 69, 66, 69, 61, 60, 62, 63, 66, 64, 65, 65, 55, 61, 65, 65, 65, 64, 65, 62, 61, 55, 60, 60, 64, 60, 61, 66]
3,12/06/22,16:06:43,False,0
[68, 64, 66, 69, 69, 72, 72, 72, 66, 63, 64, 63, 68, 73, 67, 72, 62, 64, 65, 65, 65, 65, 69, 66, 64, 63, 68, 65, 66, 65, 65, 66, 66, 63, 68, 63, 69, 68, 66, 68, 61, 61, 63, 63, 70, 68, 64, 66, 59, 59, 64, 65, 66, 62, 66, 62, 56, 56, 59, 60, 65, 60, 59, 68]
3,12/06/22,16:07:03,False,0
[65, 64, 68, 70, 67, 70, 70, 74, 63, 61, 68, 65, 68, 71, 68, 73, 64, 65, 68, 65, 66, 68, 68, 67, 65, 63, 67, 64, 67, 67, 67, 65, 68, 64, 68, 66, 67, 66, 66, 68, 60, 63, 67, 64, 66, 69, 66, 64, 60, 61, 64, 63, 64, 62, 66, 68, 61, 54, 59, 61, 63, 59, 61, 63]
3,12/06/22,16:07:22,False,0
[65, 68, 72, 68, 68, 71, 74, 75, 64, 61, 67, 63, 66, 69, 70, 66, 65, 66, 67, 68, 65, 67, 68, 69, 61, 67, 67, 64, 68, 67, 66, 62, 62, 63, 68, 65, 67, 68, 65, 70, 58, 58, 63, 65, 67, 69, 68, 63, 60, 59, 67, 66, 66, 65, 65, 65, 59, 53, 60, 58, 65, 63, 61, 67]
3,12/06/22,16:07:42,False,0
[65, 61, 68, 70, 68, 70, 72, 72, 62, 62, 65, 63, 67, 69, 67, 68, 64, 65, 67, 64, 66, 64, 69, 68, 59, 66, 66, 66, 68, 65, 64, 66, 66, 66, 64, 67, 66, 66, 67, 68, 61, 61, 65, 61, 66, 70, 66, 65, 57, 62, 66, 65, 64, 65, 64, 65, 62, 54, 60, 59, 61, 56, 64, 67]
3,12/06/22,16:08:01,False,0
[66, 63, 67, 67, 72, 73, 71, 74, 63, 59, 68, 64, 70, 70, 71, 68, 64, 66, 66, 68, 67, 65, 70, 67, 63, 65, 65, 64, 70, 65, 66, 65, 64, 63, 68, 65, 70, 68, 67, 70, 62, 62, 62, 63, 67, 68, 68, 67, 59, 60, 65, 65, 63, 65, 64, 64, 57, 59, 60, 59, 63, 59, 59, 63]
3,12/06/22,16:08:21,False,0
[66, 62, 69, 67, 70, 71, 71, 71, 64, 60, 67, 65, 69, 69, 69, 72, 64, 61, 68, 64, 65, 64, 67, 70, 62, 66, 68, 66, 68, 67, 70, 67, 66, 66, 69, 65, 69, 66, 67, 70, 61, 62, 64, 64, 65, 68, 67, 62, 63, 61, 61, 62, 65, 64, 65, 65, 57, 55, 59, 61, 63, 62, 63, 68]
3,12/06/22,16:08:41,False,0
[68, 65, 69, 68, 70, 72, 70, 73, 63, 64, 67, 65, 69, 70, 67, 72, 66, 65, 67, 64, 65, 66, 67, 65, 60, 66, 67, 63, 68, 66, 66, 65, 66, 62, 67, 65, 70, 67, 67, 70, 61, 58, 66, 64, 67, 65, 68, 65, 61, 61, 62, 65, 66, 63, 64, 63, 62, 55, 58, 60, 64, 61, 61, 62]
3,12/06/22,16:09:00,False,0
[67, 65, 67, 68, 72, 72, 70, 72, 63, 63, 64, 63, 66, 70, 69, 71, 63, 63, 68, 64, 68, 69, 68, 66, 65, 67, 66, 66, 69, 68, 68, 64, 66, 63, 66, 67, 69, 69, 67, 68, 62, 59, 67, 65, 66, 70, 68, 64, 59, 58, 68, 67, 67, 64, 67, 61, 58, 57, 58, 61, 64, 60, 61, 66]
3,12/06/22,16:09:20,False,0
[63, 65, 70, 68, 68, 75, 73, 74, 64, 63, 66, 64, 68, 69, 70, 69, 65, 63, 70, 65, 67, 66, 70, 66, 67, 65, 68, 65, 70, 65, 67, 67, 66, 66, 66, 66, 68, 67, 67, 71, 61, 61, 66, 65, 65, 70, 66, 67, 62, 62, 63, 63, 67, 63, 68, 66, 58, 55, 60, 60, 63, 62, 61, 67]
3,12/06/22,16:09:39,False,0
[65, 61, 70, 65, 68, 71, 73, 71, 66, 61, 63, 64, 65, 71, 67, 69, 65, 65, 67, 66, 67, 65, 67, 67, 65, 64, 68, 66, 67, 64, 67, 66, 66, 66, 67, 67, 68, 68, 67, 69, 60, 62, 64, 65, 67, 70, 69, 64, 60, 58, 65, 64, 66, 63, 64, 64, 61, 56, 60, 62, 63, 60, 60, 65]
3,12/06/22,16:09:59,False,0
[65, 63, 67, 68, 68, 72, 73, 74, 63, 61, 65, 65, 68, 71, 67, 70, 61, 66, 67, 67, 63, 66, 69, 64, 64, 63, 67, 66, 68, 66, 68, 66, 64, 61, 68, 66, 70, 68, 67, 67, 60, 57, 64, 64, 68, 69, 65, 63, 59, 60, 63, 63, 64, 66, 65, 62, 60, 54, 58, 61, 63, 60, 59, 66]
3,12/06/22,16:10:18,False,0
[64, 63, 70, 67, 70, 73, 71, 73, 64, 62, 66, 64, 68, 69, 69, 68, 63, 66, 68, 65, 68, 67, 68, 67, 62, 65, 67, 68, 65, 65, 64, 66, 67, 64, 67, 66, 67, 67, 68, 67, 62, 60, 65, 62, 68, 73, 66, 67, 59, 60, 67, 63, 67, 63, 67, 66, 61, 54, 59, 58, 62, 60, 62, 66]
3,12/06/22,16:10:38,False,0
[67, 65, 67, 71, 67, 70, 72, 75, 62, 62, 67, 63, 69, 71, 69, 69, 64, 64, 66, 65, 69, 66, 70, 66, 63, 65, 67, 63, 69, 64, 65, 68, 65, 62, 68, 64, 69, 67, 67, 69, 62, 61, 62, 62, 64, 68, 63, 67, 59, 60, 63, 67, 64, 65, 66, 65, 63, 56, 58, 60, 64, 62, 57, 65]
3,12/06/22,16:10:58,True,0
[66, 62, 72, 67, 70, 73, 75, 76, 63, 62, 65, 65, 68, 68, 69, 72, 63, 63, 68, 65, 66, 65, 68, 65, 62, 66, 67, 64, 68, 66, 66, 63, 66, 63, 68, 67, 68, 66, 66, 69, 60, 59, 66, 64, 65, 71, 66, 69, 58, 62, 65, 66, 63, 63, 68, 65, 62, 57, 59, 61, 65, 59, 64, 67]
3,12/06/22,16:11:17,True,0
[64, 65, 67, 69, 69, 75, 72, 74, 64, 61, 64, 64, 67, 71, 67, 69, 61, 65, 66, 64, 66, 65, 69, 68, 63, 64, 67, 62, 67, 67, 66, 64, 68, 64, 67, 66, 68, 69, 66, 71, 64, 60, 63, 66, 66, 71, 65, 66, 60, 63, 66, 66, 67, 62, 66, 66, 61, 55, 60, 59, 68, 60, 60, 66]
3,12/06/22,16:11:37,False,0
[63, 62, 69, 69, 71, 72, 72, 76, 64, 62, 66, 63, 68, 72, 66, 68, 62, 64, 69, 64, 64, 67, 67, 65, 62, 63, 68, 64, 69, 65, 69, 63, 66, 61, 65, 67, 70, 68, 69, 69, 57, 62, 66, 59, 66, 68, 67, 64, 57, 63, 64, 67, 67, 61, 68, 63, 58, 59, 59, 61, 63, 57, 59, 65]
3,12/06/22,16:11:56,False,0
[65, 65, 70, 68, 70, 74, 74, 70, 64, 63, 68, 62, 67, 71, 66, 69, 64, 62, 69, 66, 65, 68, 69, 70, 62, 67, 64, 66, 68, 67, 68, 69, 67, 64, 68, 66, 70, 69, 66, 69, 63, 60, 65, 62, 65, 68, 67, 67, 57, 65, 65, 62, 66, 64, 66, 62, 62, 57, 61, 58, 64, 60, 64, 64]
3,12/06/22,16:12:16,False,0
[62, 63, 70, 67, 68, 72, 72, 72, 65, 60, 68, 66, 67, 69, 70, 72, 64, 65, 68, 68, 67, 69, 70, 67, 63, 63, 67, 66, 70, 66, 69, 66, 63, 61, 67, 67, 67, 68, 68, 70, 62, 59, 64, 65, 66, 67, 64, 65, 60, 62, 64, 63, 65, 63, 66, 66, 62, 53, 58, 57, 69, 59, 62, 64]
3,12/06/22,16:12:35,False,0
[67, 66, 69, 71, 70, 67, 72, 71, 68, 63, 65, 66, 66, 72, 69, 69, 62, 66, 68, 66, 63, 64, 69, 66, 64, 65, 67, 64, 69, 63, 67, 67, 64, 60, 66, 66, 68, 68, 69, 69, 61, 61, 63, 63, 66, 67, 64, 66, 59, 62, 64, 66, 65, 63, 65, 65, 61, 56, 60, 58, 61, 58, 59, 68]
3,12/06/22,16:12:55,False,0
[66, 65, 69, 69, 70, 71, 71, 73, 64, 63, 65, 62, 67, 70, 67, 71, 63, 66, 67, 66, 66, 68, 69, 67, 62, 66, 67, 66, 67, 65, 67, 65, 64, 65, 67, 66, 68, 68, 67, 68, 63, 58, 67, 65, 65, 69, 67, 67, 56, 59, 63, 62, 65, 64, 64, 64, 59, 56, 60, 60, 65, 61, 60, 65]
3,12/06/22,16:13:14,False,0
[67, 65, 69, 67, 72, 73, 70, 72, 65, 62, 68, 66, 68, 73, 68, 72, 61, 65, 69, 65, 66, 68, 70, 66, 64, 65, 66, 63, 68, 66, 66, 65, 66, 65, 67, 65, 70, 65, 67, 69, 63, 60, 65, 66, 68, 68, 67, 67, 62, 60, 64, 64, 66, 63, 65, 63, 64, 57, 60, 59, 62, 57, 61, 63]
3,12/06/22,16:13:34,False,0
[67, 63, 70, 66, 67, 74, 74, 72, 65, 60, 65, 62, 67, 69, 65, 70, 66, 65, 67, 67, 67, 67, 70, 67, 62, 65, 66, 64, 68, 65, 69, 67, 66, 63, 68, 65, 66, 66, 67, 69, 60, 62, 63, 63, 68, 68, 67, 68, 58, 63, 63, 64, 65, 61, 67, 65, 61, 55, 56, 58, 66, 62, 63, 67]
3,12/06/22,16:13:54,False,0
[65, 63, 67, 67, 69, 69, 74, 74, 63, 63, 66, 65, 66, 72, 67, 71, 62, 64, 67, 63, 67, 66, 70, 67, 64, 66, 67, 62, 68, 67, 67, 66, 63, 60, 66, 63, 67, 67, 67, 67, 59, 60, 63, 63, 66, 69, 66, 67, 57, 60, 65, 63, 67, 64, 63, 63, 54, 55, 60, 61, 63, 61, 58, 68]
3,12/06/22,16:14:13,False,0
[64, 65, 73, 68, 70, 71, 72, 72, 65, 63, 65, 64, 68, 71, 66, 71, 64, 64, 67, 66, 64, 65, 69, 69, 64, 64, 67, 64, 70, 68, 67, 67, 69, 63, 65, 67, 67, 68, 68, 68, 63, 61, 61, 64, 66, 68, 66, 66, 59, 60, 65, 63, 66, 61, 67, 62, 61, 55, 59, 63, 64, 59, 64, 62]
3,12/06/22,16:14:33,False,0
[64, 64, 68, 66, 70, 72, 73, 73, 64, 59, 67, 66, 71, 70, 68, 71, 63, 64, 65, 65, 68, 65, 70, 67, 62, 65, 65, 65, 67, 66, 66, 64, 64, 64, 66, 65, 69, 66, 66, 73, 63, 61, 62, 64, 69, 70, 67, 66, 60, 58, 62, 63, 66, 61, 69, 63, 61, 55, 60, 63, 63, 58, 61, 66]
3,12/06/22,16:14:52,False,0
[69, 65, 69, 69, 70, 72, 69, 72, 62, 62, 65, 63, 66, 68, 66, 68, 65, 67, 68, 67, 67, 67, 71, 66, 62, 64, 68, 66, 67, 66, 66, 63, 65, 63, 68, 67, 67, 66, 71, 68, 63, 60, 63, 62, 69, 66, 68, 64, 59, 61, 64, 65, 67, 65, 68, 64, 59, 53, 55, 60, 64, 58, 60, 66]
3,12/06/22,16:15:12,False,0
[67, 63, 70, 68, 68, 72, 71, 74, 64, 58, 63, 62, 67, 71, 67, 72, 64, 64, 68, 66, 64, 68, 70, 69, 61, 63, 68, 66, 67, 66, 66, 63, 68, 62, 69, 64, 70, 67, 66, 68, 62, 62, 65, 64, 68, 69, 68, 63, 61, 62, 64, 65, 64, 62, 65, 65, 64, 55, 61, 60, 65, 59, 60, 64]
3,12/06/22,16:15:31,False,0
[64, 65, 69, 68, 72, 69, 71, 72, 65, 62, 64, 64, 65, 70, 68, 69, 63, 66, 66, 65, 66, 66, 68, 66, 62, 65, 68, 65, 69, 65, 68, 66, 66, 61, 66, 66, 66, 68, 66, 65, 61, 64, 64, 65, 67, 69, 67, 64, 61, 59, 64, 65, 64, 66, 66, 64, 58, 56, 61, 60, 65, 54, 59, 63]
3,12/06/22,16:15:51,False,0
[62, 61, 70, 67, 69, 71, 72, 73, 65, 62, 65, 63, 67, 69, 67, 72, 65, 65, 65, 66, 66, 64, 68, 65, 63, 64, 67, 65, 68, 66, 67, 66, 64, 65, 66, 65, 66, 67, 65, 68, 62, 62, 64, 66, 65, 69, 64, 67, 59, 62, 64, 65, 65, 60, 65, 64, 58, 54, 58, 61, 62, 56, 63, 67]
3,12/06/22,16:16:11,True,0
[65, 63, 70, 67, 68, 70, 73, 72, 62, 61, 66, 65, 67, 70, 67, 70, 67, 62, 65, 63, 66, 66, 73, 66, 59, 65, 66, 65, 68, 68, 67, 66, 63, 60, 67, 66, 67, 66, 64, 70, 61, 57, 66, 62, 67, 69, 68, 64, 62, 59, 64, 65, 65, 63, 65, 68, 59, 54, 56, 59, 62, 62, 61, 66]
3,12/06/22,16:16:30,True,0
[66, 65, 68, 67, 68, 71, 68, 74, 63, 64, 66, 63, 71, 68, 66, 68, 62, 64, 68, 67, 64, 66, 65, 66, 65, 62, 67, 64, 68, 65, 68, 65, 68, 64, 68, 66, 69, 66, 68, 67, 64, 60, 62, 63, 65, 65, 65, 65, 60, 60, 62, 66, 63, 63, 62, 66, 63, 54, 57, 59, 65, 59, 59, 65]
3,12/06/22,16:16:50,True,0
[66, 62, 70, 70, 68, 71, 73, 73, 63, 61, 68, 63, 70, 72, 67, 68, 64, 64, 67, 66, 65, 66, 68, 66, 61, 64, 65, 66, 68, 65, 70, 67, 65, 62, 66, 65, 66, 65, 65, 70, 61, 60, 64, 64, 66, 67, 68, 62, 59, 60, 66, 65, 70, 64, 65, 60, 61, 56, 60, 63, 62, 57, 57, 68]
3,12/06/22,16:17:09,False,0
[65, 64, 66, 67, 69, 74, 73, 74, 62, 65, 65, 64, 67, 71, 66, 71, 62, 64, 68, 67, 65, 67, 66, 69, 63, 64, 67, 64, 64, 65, 66, 65, 64, 64, 68, 63, 67, 68, 67, 67, 59, 59, 62, 63, 65, 66, 67, 62, 59, 60, 67, 63, 64, 62, 66, 63, 62, 54, 57, 59, 65, 59, 60, 62]
3,12/06/22,16:17:29,False,0
[64, 65, 69, 67, 70, 72, 70, 73, 65, 63, 65, 65, 67, 70, 65, 69, 64, 63, 67, 67, 66, 66, 70, 66, 60, 66, 65, 62, 67, 66, 67, 66, 64, 65, 66, 64, 66, 64, 64, 67, 60, 60, 66, 60, 65, 64, 66, 63, 60, 61, 62, 65, 63, 62, 65, 60, 59, 52, 61, 57, 62, 61, 60, 67]
3,12/06/22,16:17:48,False,0
[65, 60, 70, 68, 69, 71, 71, 72, 66, 61, 67, 61, 67, 70, 67, 66, 64, 63, 67, 68, 65, 66, 67, 63, 61, 68, 67, 66, 66, 68, 66, 68, 65, 61, 67, 66, 68, 66, 67, 68, 63, 63, 64, 60, 66, 70, 65, 65, 57, 59, 65, 66, 64, 63, 68, 62, 59, 54, 58, 59, 61, 58, 58, 66]
3,12/06/22,16:18:08,False,0
[66, 65, 68, 69, 70, 71, 69, 72, 64, 64, 67, 65, 68, 70, 67, 69, 65, 65, 67, 64, 64, 63, 72, 66, 65, 64, 66, 63, 66, 65, 69, 64, 67, 62, 68, 67, 69, 68, 67, 71, 62, 61, 64, 63, 67, 67, 66, 63, 57, 60, 64, 64, 64, 62, 66, 64, 60, 56, 61, 60, 62, 57, 60, 64]
3,12/06/22,16:18:27,False,0
[67, 63, 68, 68, 71, 71, 68, 71, 63, 62, 67, 63, 69, 70, 69, 70, 64, 64, 67, 65, 68, 66, 67, 64, 61, 65, 66, 64, 67, 65, 65, 64, 65, 62, 65, 62, 69, 68, 65, 67, 60, 61, 62, 63, 67, 68, 67, 67, 60, 60, 62, 66, 65, 62, 62, 64, 59, 53, 59, 59, 67, 57, 59, 63]
3,12/06/22,16:18:47,False,0
[62, 64, 70, 68, 68, 72, 73, 68, 61, 62, 66, 63, 67, 71, 67, 70, 63, 62, 67, 64, 65, 63, 66, 65, 63, 68, 67, 65, 66, 63, 66, 65, 66, 64, 65, 66, 70, 66, 64, 69, 59, 55, 64, 63, 66, 65, 68, 61, 58, 58, 66, 65, 66, 61, 66, 64, 61, 56, 58, 58, 62, 61, 60, 68]
3,12/06/22,16:19:07,False,0
[65, 64, 69, 63, 71, 71, 71, 73, 62, 62, 65, 65, 67, 70, 67, 69, 62, 66, 66, 65, 65, 64, 68, 64, 66, 64, 65, 64, 68, 62, 69, 66, 65, 60, 69, 66, 66, 67, 65, 71, 61, 64, 64, 65, 68, 70, 64, 65, 55, 61, 63, 62, 65, 64, 67, 63, 59, 55, 58, 61, 62, 60, 62, 66]
3,12/06/22,16:19:26,False,0
[66, 64, 67, 66, 68, 74, 71, 73, 63, 61, 62, 63, 69, 71, 67, 69, 63, 62, 67, 63, 65, 67, 69, 65, 61, 63, 67, 64, 67, 64, 65, 67, 64, 57, 67, 64, 66, 66, 65, 67, 61, 60, 65, 63, 66, 67, 64, 64, 59, 59, 63, 61, 63, 64, 63, 65, 57, 56, 61, 60, 63, 59, 60, 66]
3,12/06/22,16:19:46,False,0
[65, 62, 66, 67, 67, 70, 71, 73, 63, 61, 64, 63, 66, 70, 65, 65, 63, 67, 67, 64, 65, 67, 68, 67, 63, 66, 66, 65, 67, 65, 65, 65, 69, 63, 65, 65, 66, 67, 68, 67, 62, 61, 66, 63, 66, 67, 65, 61, 60, 60, 62, 64, 65, 61, 65, 62, 61, 59, 61, 59, 64, 58, 60, 64]
3,12/06/22,16:20:05,False,0
[66, 67, 70, 69, 69, 73, 70, 71, 62, 61, 66, 64, 67, 70, 66, 70, 62, 63, 68, 67, 64, 67, 69, 66, 64, 64, 67, 65, 69, 64, 67, 67, 65, 65, 67, 66, 65, 64, 68, 66, 60, 58, 65, 62, 64, 69, 63, 64, 55, 60, 67, 63, 64, 63, 67, 64, 63, 54, 58, 56, 62, 56, 61, 65]
3,12/06/22,16:20:25,False,0
[65, 65, 67, 67, 68, 71, 72, 71, 64, 63, 65, 64, 65, 70, 64, 70, 62, 66, 66, 64, 66, 63, 67, 66, 58, 64, 66, 66, 68, 64, 66, 66, 62, 61, 67, 67, 69, 64, 66, 67, 62, 63, 64, 63, 67, 67, 67, 61, 58, 59, 63, 63, 63, 63, 64, 64, 62, 57, 58, 57, 62, 60, 59, 63]
3,12/06/22,16:20:44,False,0
[63, 62, 69, 69, 68, 70, 71, 73, 63, 61, 66, 64, 68, 70, 66, 68, 62, 61, 68, 64, 65, 65, 67, 66, 65, 63, 66, 64, 69, 65, 69, 68, 65, 60, 68, 64, 64, 65, 65, 68, 61, 60, 64, 64, 67, 65, 67, 63, 60, 59, 65, 62, 65, 63, 66, 63, 61, 51, 58, 58, 63, 57, 60, 62]
3,12/06/22,16:21:04,False,0
[64, 64, 68, 66, 69, 72, 69, 70, 64, 62, 68, 64, 69, 72, 66, 67, 64, 65, 66, 66, 65, 65, 68, 65, 63, 65, 65, 65, 67, 65, 66, 66, 61, 61, 66, 65, 68, 66, 65, 67, 60, 61, 64, 62, 65, 67, 67, 63, 56, 62, 64, 64, 65, 64, 63, 63, 61, 55, 56, 58, 61, 57, 62, 64]
3,12/06/22,16:21:43,False,0
[64, 64, 66, 67, 68, 68, 70, 75, 63, 60, 65, 62, 68, 69, 70, 66, 62, 63, 68, 64, 65, 64, 68, 67, 60, 63, 66, 63, 64, 65, 65, 64, 64, 64, 66, 65, 68, 65, 66, 68, 61, 58, 63, 62, 65, 68, 66, 66, 59, 57, 61, 63, 64, 61, 66, 64, 58, 56, 58, 57, 62, 56, 59, 64]
3,12/06/22,16:22:03,False,0
[65, 64, 67, 70, 68, 73, 70, 70, 64, 60, 64, 63, 67, 67, 65, 71, 64, 63, 67, 64, 65, 63, 67, 66, 63, 65, 66, 64, 67, 66, 65, 67, 66, 62, 65, 66, 67, 64, 66, 66, 62, 61, 63, 63, 68, 66, 66, 63, 56, 59, 63, 63, 61, 60, 65, 63, 57, 53, 56, 57, 62, 59, 62, 63]
3,12/06/22,16:22:22,False,0
[65, 63, 70, 69, 67, 72, 69, 72, 61, 59, 65, 64, 68, 69, 66, 66, 65, 64, 65, 66, 64, 67, 67, 65, 61, 63, 66, 63, 66, 62, 67, 69, 66, 61, 67, 68, 65, 67, 65, 69, 59, 61, 63, 61, 66, 66, 66, 65, 55, 58, 63, 65, 62, 62, 64, 62, 59, 56, 57, 59, 64, 59, 59, 64]
3,12/06/22,16:22:42,False,0
[63, 62, 68, 69, 68, 72, 70, 71, 63, 62, 67, 63, 65, 70, 67, 67, 63, 65, 65, 63, 65, 63, 67, 68, 62, 67, 65, 61, 67, 63, 66, 66, 63, 64, 67, 65, 68, 66, 67, 69, 62, 58, 64, 65, 65, 64, 66, 63, 58, 60, 66, 61, 65, 62, 63, 62, 59, 53, 57, 59, 61, 58, 62, 65]
3,12/06/22,16:23:01,False,0
[64, 62, 67, 67, 68, 68, 70, 72, 63, 62, 66, 63, 67, 67, 71, 68, 64, 64, 68, 63, 66, 63, 68, 63, 63, 65, 66, 65, 66, 63, 67, 64, 65, 61, 66, 66, 66, 66, 66, 67, 60, 61, 63, 65, 65, 67, 64, 64, 60, 60, 65, 61, 63, 61, 65, 63, 61, 56, 58, 59, 62, 56, 59, 65]
3,12/06/22,16:23:21,False,0
[69, 66, 69, 70, 67, 71, 70, 73, 64, 62, 60, 61, 63, 70, 66, 69, 63, 61, 67, 64, 66, 63, 68, 68, 59, 65, 64, 64, 67, 63, 66, 67, 66, 63, 65, 66, 66, 66, 66, 70, 62, 59, 63, 64, 63, 63, 65, 64, 58, 60, 59, 59, 66, 61, 67, 60, 61, 55, 58, 57, 62, 58, 59, 67]
3,12/06/22,16:23:40,False,0
[66, 64, 68, 69, 67, 71, 73, 71, 60, 62, 64, 65, 66, 67, 66, 67, 66, 66, 67, 67, 66, 66, 68, 65, 62, 63, 66, 66, 67, 64, 64, 64, 65, 63, 66, 65, 67, 64, 65, 64, 59, 57, 61, 65, 67, 67, 65, 64, 55, 59, 63, 64, 65, 60, 65, 59, 55, 55, 56, 58, 60, 59, 58, 65]
3,12/06/22,16:24:00,False,0
[65, 60, 68, 65, 68, 70, 69, 74, 65, 63, 66, 62, 69, 69, 65, 70, 63, 63, 65, 62, 64, 64, 65, 61, 62, 62, 64, 65, 66, 65, 64, 66, 65, 60, 67, 68, 66, 65, 66, 67, 59, 61, 63, 61, 63, 66, 64, 63, 58, 60, 64, 62, 63, 61, 63, 65, 55, 56, 59, 59, 60, 58, 60, 64]
3,12/06/22,16:24:20,False,0
[67, 62, 68, 69, 67, 71, 72, 72, 62, 62, 66, 60, 68, 72, 64, 71, 64, 66, 69, 63, 66, 63, 67, 64, 62, 61, 66, 64, 66, 64, 66, 65, 65, 62, 68, 62, 66, 67, 70, 69, 63, 60, 63, 63, 65, 65, 65, 62, 61, 61, 63, 64, 64, 60, 68, 63, 61, 53, 55, 62, 63, 60, 59, 65]
3,12/06/22,16:24:39,False,0
[67, 64, 71, 66, 71, 71, 71, 74, 62, 60, 63, 62, 66, 69, 68, 69, 61, 62, 67, 66, 62, 67, 66, 64, 60, 64, 66, 65, 67, 65, 66, 67, 65, 61, 66, 63, 66, 65, 66, 65, 62, 61, 63, 61, 67, 65, 64, 63, 57, 59, 63, 65, 63, 63, 66, 63, 58, 53, 58, 57, 59, 58, 55, 68]
3,12/06/22,16:24:59,True,0
[65, 62, 68, 69, 67, 70, 71, 69, 62, 59, 69, 63, 64, 69, 67, 70, 66, 65, 66, 64, 64, 65, 68, 65, 59, 63, 67, 65, 68, 64, 65, 66, 66, 62, 68, 65, 66, 66, 65, 67, 61, 60, 66, 64, 67, 67, 66, 60, 59, 61, 65, 62, 64, 61, 63, 65, 58, 57, 61, 56, 60, 60, 62, 61]
3,12/06/22,16:25:18,False,0
[65, 63, 68, 71, 67, 70, 70, 71, 62, 58, 64, 61, 67, 70, 66, 69, 66, 66, 68, 63, 65, 63, 66, 63, 62, 61, 67, 62, 65, 64, 67, 64, 64, 63, 66, 65, 66, 64, 64, 66, 61, 58, 63, 64, 65, 66, 65, 65, 57, 61, 62, 62, 61, 62, 64, 65, 55, 55, 55, 54, 61, 57, 61, 64]
3,12/06/22,16:25:38,False,0
[64, 64, 69, 67, 68, 70, 70, 70, 62, 59, 63, 64, 65, 67, 68, 69, 62, 60, 65, 65, 61, 66, 68, 64, 60, 63, 66, 63, 66, 65, 68, 65, 65, 63, 66, 64, 66, 66, 66, 69, 60, 59, 62, 62, 65, 65, 66, 61, 60, 58, 62, 61, 65, 61, 64, 63, 58, 54, 55, 55, 62, 56, 61, 65]
3,12/06/22,16:25:57,False,0
[65, 63, 68, 68, 67, 70, 71, 70, 64, 59, 65, 63, 65, 70, 66, 66, 63, 65, 65, 66, 64, 63, 68, 65, 61, 61, 64, 64, 66, 65, 65, 66, 65, 62, 66, 62, 66, 67, 65, 70, 61, 60, 66, 62, 65, 67, 64, 63, 57, 56, 62, 63, 63, 60, 65, 62, 53, 57, 56, 58, 60, 59, 57, 64]
3,12/06/22,16:26:17,False,0
[64, 65, 70, 66, 70, 72, 69, 74, 64, 62, 65, 63, 66, 68, 64, 70, 64, 63, 65, 61, 64, 68, 69, 64, 62, 66, 67, 64, 63, 64, 65, 68, 66, 61, 67, 64, 69, 66, 65, 67, 61, 59, 62, 64, 63, 66, 63, 62, 57, 62, 66, 64, 64, 60, 62, 61, 60, 54, 62, 59, 59, 57, 63, 67]
3,12/06/22,16:26:37,False,0
[63, 65, 68, 68, 69, 71, 69, 69, 65, 59, 68, 60, 68, 71, 69, 68, 64, 64, 67, 62, 63, 65, 67, 64, 59, 61, 65, 62, 66, 61, 65, 67, 64, 62, 66, 66, 66, 64, 64, 69, 60, 62, 67, 63, 64, 66, 67, 64, 59, 57, 62, 63, 64, 59, 67, 65, 63, 54, 59, 59, 62, 56, 58, 64]
3,12/06/22,16:26:56,False,0
[65, 64, 70, 66, 68, 67, 69, 72, 64, 60, 63, 64, 66, 66, 65, 65, 60, 64, 63, 63, 65, 65, 69, 65, 63, 63, 64, 64, 65, 63, 64, 65, 67, 62, 67, 66, 64, 65, 67, 64, 60, 60, 62, 63, 64, 67, 66, 64, 58, 59, 63, 60, 63, 61, 61, 63, 58, 54, 58, 59, 61, 59, 56, 62]
3,12/06/22,16:27:16,False,0
[66, 64, 68, 65, 68, 71, 68, 71, 64, 59, 66, 62, 65, 68, 69, 69, 61, 64, 68, 64, 65, 64, 65, 64, 63, 65, 67, 64, 66, 63, 66, 67, 65, 62, 67, 65, 66, 63, 64, 69, 64, 56, 64, 64, 66, 66, 67, 64, 55, 58, 61, 65, 61, 64, 62, 65, 60, 52, 57, 58, 60, 60, 59, 69]
3,12/06/22,16:27:35,False,0
[65, 63, 69, 66, 67, 72, 69, 71, 66, 61, 62, 62, 67, 68, 67, 70, 64, 63, 66, 63, 64, 64, 67, 63, 64, 67, 68, 64, 66, 63, 63, 65, 65, 63, 67, 62, 66, 67, 65, 66, 59, 61, 64, 60, 64, 65, 65, 63, 63, 61, 63, 63, 62, 62, 66, 61, 57, 55, 55, 59, 62, 58, 59, 64]
3,12/06/22,16:27:55,False,0
[66, 65, 69, 66, 70, 71, 68, 71, 63, 62, 66, 64, 67, 67, 63, 66, 60, 62, 65, 65, 64, 64, 68, 65, 62, 64, 64, 63, 68, 64, 64, 65, 66, 63, 66, 68, 67, 65, 64, 71, 58, 57, 63, 62, 63, 67, 64, 62, 55, 55, 60, 63, 62, 65, 64, 63, 58, 54, 58, 55, 61, 60, 59, 64]
3,12/06/22,16:28:14,False,0
[62, 62, 68, 67, 65, 68, 71, 69, 63, 61, 65, 62, 66, 71, 66, 70, 62, 64, 65, 65, 66, 65, 64, 65, 63, 64, 66, 62, 65, 63, 65, 64, 62, 62, 65, 67, 65, 65, 64, 69, 61, 60, 62, 65, 64, 66, 64, 62, 59, 60, 63, 63, 63, 63, 64, 61, 59, 54, 56, 58, 61, 59, 62, 59]
3,12/06/22,16:28:34,False,0
[65, 61, 66, 66, 67, 70, 68, 71, 60, 62, 65, 64, 66, 70, 65, 69, 64, 66, 64, 63, 61, 66, 66, 65, 62, 66, 65, 65, 66, 64, 64, 64, 65, 63, 68, 65, 67, 65, 65, 65, 61, 58, 65, 63, 65, 67, 65, 63, 57, 58, 61, 64, 60, 61, 64, 65, 54, 50, 56, 59, 62, 58, 57, 63]
3,12/06/22,16:28:53,False,0
[64, 65, 69, 67, 69, 67, 70, 71, 60, 62, 66, 64, 66, 71, 67, 67, 62, 66, 67, 65, 65, 64, 68, 65, 65, 64, 65, 64, 65, 65, 67, 66, 65, 59, 66, 65, 66, 66, 67, 66, 62, 60, 65, 64, 63, 65, 64, 63, 57, 61, 59, 62, 63, 63, 61, 61, 63, 51, 57, 56, 61, 58, 61, 62]
3,12/06/22,16:29:13,False,0
[64, 63, 68, 66, 68, 68, 70, 69, 62, 61, 66, 64, 66, 67, 68, 68, 64, 69, 67, 65, 64, 65, 67, 65, 62, 63, 66, 61, 66, 65, 65, 63, 66, 62, 66, 64, 64, 65, 64, 69, 60, 59, 65, 62, 65, 66, 66, 65, 59, 61, 64, 63, 60, 62, 64, 62, 55, 57, 58, 57, 61, 60, 58, 65]
3,12/06/22,16:29:33,False,0
[66, 62, 68, 69, 68, 71, 69, 71, 62, 63, 65, 60, 67, 68, 66, 70, 61, 62, 66, 61, 62, 64, 66, 63, 61, 67, 66, 61, 66, 65, 65, 66, 64, 61, 66, 64, 63, 65, 66, 66, 59, 56, 65, 61, 62, 66, 65, 61, 58, 57, 64, 61, 61, 60, 65, 59, 59, 52, 57, 57, 58, 56, 58, 63]
3,12/06/22,16:29:52,False,0
[62, 65, 69, 67, 66, 72, 68, 72, 66, 61, 62, 64, 65, 71, 66, 66, 64, 64, 67, 62, 64, 61, 66, 64, 60, 62, 68, 63, 65, 61, 64, 67, 66, 64, 67, 64, 67, 64, 65, 66, 59, 60, 62, 63, 66, 68, 64, 65, 57, 60, 60, 65, 63, 61, 62, 64, 57, 58, 56, 58, 61, 59, 59, 61]
3,12/06/22,16:30:12,True,0
[63, 64, 68, 68, 66, 70, 69, 71, 63, 62, 65, 63, 63, 68, 66, 68, 61, 63, 64, 64, 64, 63, 68, 65, 60, 64, 67, 63, 68, 62, 65, 64, 65, 60, 63, 69, 67, 65, 66, 66, 62, 59, 62, 63, 65, 65, 65, 62, 58, 57, 63, 63, 63, 60, 62, 62, 57, 53, 56, 60, 64, 55, 60, 62]
3,12/06/22,16:30:51,True,0
[62, 64, 68, 68, 70, 71, 68, 74, 61, 63, 65, 64, 65, 66, 66, 69, 64, 65, 69, 65, 66, 65, 65, 65, 60, 63, 67, 65, 65, 63, 64, 63, 63, 62, 66, 64, 66, 63, 64, 68, 62, 59, 59, 63, 65, 65, 63, 63, 60, 60, 62, 63, 63, 62, 62, 64, 61, 56, 57, 60, 59, 56, 58, 65]
3,12/06/22,16:31:10,False,0
[65, 65, 67, 69, 69, 72, 70, 70, 60, 63, 66, 61, 64, 69, 66, 70, 61, 65, 64, 63, 62, 64, 66, 67, 61, 66, 66, 63, 69, 61, 64, 65, 62, 57, 67, 68, 66, 66, 66, 66, 60, 61, 63, 63, 64, 66, 64, 62, 61, 60, 64, 61, 62, 63, 65, 64, 61, 50, 54, 58, 59, 57, 58, 57]
3,12/06/22,16:31:30,False,0
[63, 64, 67, 67, 67, 70, 67, 71, 65, 63, 64, 61, 65, 69, 63, 70, 64, 66, 66, 66, 65, 65, 67, 66, 62, 63, 68, 65, 66, 64, 66, 66, 64, 60, 66, 64, 67, 65, 65, 67, 61, 60, 64, 61, 64, 67, 65, 63, 61, 59, 61, 64, 62, 63, 62, 61, 61, 57, 53, 59, 62, 57, 59, 65]
3,12/06/22,16:31:49,False,0
[64, 65, 68, 65, 67, 71, 70, 71, 63, 60, 66, 64, 64, 70, 69, 69, 62, 63, 66, 64, 65, 65, 68, 64, 59, 65, 67, 64, 64, 64, 64, 63, 66, 61, 64, 65, 65, 65, 65, 71, 59, 60, 64, 63, 64, 67, 67, 62, 59, 59, 59, 61, 62, 57, 62, 61, 59, 56, 56, 56, 58, 57, 59, 64]
3,12/06/22,16:32:09,False,0
[66, 66, 67, 69, 67, 69, 67, 71, 63, 60, 64, 63, 63, 69, 64, 68, 64, 66, 66, 66, 64, 62, 67, 65, 61, 64, 65, 63, 67, 61, 66, 65, 64, 60, 64, 63, 65, 65, 63, 68, 62, 58, 64, 64, 62, 68, 66, 63, 55, 58, 61, 61, 63, 63, 69, 62, 59, 54, 59, 57, 61, 59, 58, 62]
3,12/06/22,16:32:29,True,0
[63, 61, 68, 68, 69, 71, 67, 69, 61, 59, 65, 62, 68, 68, 64, 67, 65, 64, 66, 63, 65, 62, 69, 63, 62, 64, 65, 61, 66, 65, 64, 63, 65, 63, 67, 63, 65, 67, 63, 67, 58, 60, 66, 63, 60, 67, 65, 64, 59, 61, 63, 63, 64, 61, 62, 60, 60, 54, 58, 56, 58, 61, 58, 61]
3,12/06/22,16:32:48,False,0
[62, 62, 69, 65, 69, 72, 72, 73, 62, 58, 64, 63, 64, 70, 65, 68, 62, 66, 66, 63, 63, 64, 66, 65, 62, 66, 65, 66, 65, 62, 65, 64, 65, 61, 68, 62, 65, 63, 66, 70, 61, 59, 62, 61, 62, 64, 63, 64, 61, 60, 63, 61, 63, 61, 65, 63, 58, 57, 57, 53, 64, 56, 58, 64]
3,12/06/22,16:33:08,False,0
[66, 63, 65, 66, 68, 68, 71, 70, 62, 59, 66, 61, 65, 68, 64, 68, 62, 65, 67, 63, 66, 64, 66, 67, 61, 63, 67, 63, 64, 63, 64, 61, 64, 62, 66, 62, 63, 63, 65, 67, 63, 60, 64, 61, 65, 64, 64, 65, 59, 58, 62, 60, 63, 60, 64, 61, 57, 51, 60, 55, 61, 60, 56, 61]
3,12/06/22,16:33:27,False,0
[65, 64, 67, 65, 66, 69, 72, 71, 65, 58, 66, 62, 63, 68, 63, 68, 64, 64, 67, 65, 64, 62, 67, 67, 63, 63, 69, 63, 66, 62, 64, 63, 64, 61, 68, 65, 65, 65, 66, 66, 60, 59, 64, 61, 64, 66, 62, 61, 57, 60, 62, 64, 61, 65, 65, 63, 56, 51, 54, 57, 62, 56, 57, 60]
3,12/06/22,16:33:47,False,0
[64, 61, 67, 66, 67, 70, 68, 67, 61, 61, 65, 61, 66, 68, 67, 66, 60, 64, 64, 65, 62, 64, 66, 62, 62, 61, 67, 64, 65, 64, 65, 60, 63, 62, 66, 61, 65, 62, 65, 67, 58, 60, 65, 64, 64, 66, 63, 63, 59, 59, 62, 61, 62, 62, 64, 60, 56, 54, 58, 57, 61, 57, 56, 64]
3,12/06/22,16:34:06,False,0
[63, 64, 66, 64, 68, 70, 70, 69, 65, 61, 65, 61, 65, 68, 66, 68, 63, 61, 66, 63, 64, 63, 67, 65, 62, 63, 67, 62, 67, 62, 63, 67, 67, 64, 65, 65, 65, 66, 63, 68, 57, 60, 64, 59, 63, 67, 66, 60, 59, 57, 60, 62, 62, 59, 63, 62, 61, 52, 57, 55, 62, 56, 56, 61]
3,12/06/22,16:34:26,False,0
[65, 63, 69, 67, 67, 68, 71, 71, 65, 58, 63, 60, 66, 67, 64, 67, 64, 64, 66, 62, 65, 64, 67, 64, 62, 63, 68, 63, 66, 61, 66, 65, 63, 60, 65, 62, 64, 64, 61, 67, 60, 60, 63, 63, 64, 66, 63, 60, 57, 57, 62, 63, 61, 61, 63, 63, 53, 56, 55, 56, 61, 56, 59, 62]
3,12/06/22,16:34:46,False,0
[62, 62, 67, 68, 68, 71, 70, 73, 64, 61, 66, 61, 66, 67, 65, 66, 63, 63, 66, 63, 62, 63, 66, 64, 58, 65, 66, 63, 65, 62, 65, 66, 64, 60, 68, 64, 64, 64, 63, 67, 61, 59, 61, 61, 65, 66, 64, 61, 54, 58, 61, 66, 59, 61, 62, 61, 56, 54, 54, 58, 60, 58, 59, 64]
3,12/06/22,16:35:05,False,0
[64, 64, 66, 67, 68, 70, 71, 71, 60, 61, 62, 63, 63, 70, 67, 67, 61, 63, 68, 62, 65, 62, 66, 62, 63, 64, 61, 63, 65, 62, 66, 65, 62, 63, 64, 65, 67, 67, 63, 69, 62, 58, 64, 62, 64, 66, 65, 63, 57, 61, 62, 61, 61, 60, 61, 61, 62, 51, 57, 57, 60, 57, 57, 64]
3,12/06/22,16:35:25,False,0
[63, 63, 65, 67, 66, 69, 69, 69, 63, 62, 65, 64, 65, 69, 64, 69, 63, 66, 67, 64, 64, 64, 68, 66, 60, 63, 63, 64, 66, 64, 63, 66, 64, 61, 67, 64, 66, 67, 63, 69, 60, 60, 65, 61, 62, 65, 67, 61, 57, 58, 61, 61, 61, 59, 63, 62, 57, 53, 56, 56, 60, 56, 56, 61]
3,12/06/22,16:35:44,False,0
[65, 61, 67, 65, 68, 71, 68, 73, 63, 59, 66, 61, 65, 71, 65, 68, 65, 63, 67, 62, 65, 63, 66, 63, 64, 65, 64, 63, 66, 60, 66, 64, 66, 60, 66, 62, 66, 67, 62, 70, 59, 58, 61, 61, 66, 67, 62, 61, 58, 59, 62, 62, 59, 61, 63, 62, 63, 50, 57, 53, 60, 54, 56, 61]
3,12/06/22,16:36:04,False,0
[65, 64, 67, 65, 68, 70, 70, 71, 63, 60, 66, 64, 64, 68, 64, 69, 62, 64, 67, 64, 64, 64, 66, 63, 60, 66, 61, 63, 66, 63, 65, 66, 62, 61, 64, 65, 64, 66, 63, 67, 59, 60, 63, 59, 63, 65, 65, 63, 57, 59, 60, 60, 60, 60, 63, 61, 59, 51, 55, 56, 60, 55, 56, 61]
3,12/06/22,16:36:43,False,0
[63, 62, 70, 67, 67, 68, 71, 73, 65, 60, 64, 63, 64, 70, 64, 67, 63, 64, 67, 64, 62, 64, 66, 66, 62, 65, 65, 65, 65, 64, 66, 65, 63, 63, 66, 64, 67, 61, 64, 66, 60, 63, 63, 62, 63, 65, 64, 63, 57, 56, 63, 62, 63, 62, 62, 61, 60, 56, 58, 55, 59, 57, 58, 64]
3,12/06/22,16:37:02,False,0
[64, 64, 68, 66, 67, 72, 69, 71, 63, 63, 63, 64, 66, 68, 65, 68, 62, 63, 67, 63, 65, 65, 66, 64, 62, 65, 66, 63, 64, 61, 66, 64, 65, 61, 64, 64, 65, 68, 66, 68, 59, 60, 60, 61, 63, 66, 65, 63, 57, 59, 62, 64, 62, 56, 63, 63, 57, 52, 59, 59, 60, 55, 61, 65]
3,12/06/22,16:37:22,False,0
[62, 61, 67, 64, 66, 69, 69, 69, 62, 61, 62, 61, 63, 69, 65, 69, 62, 62, 65, 64, 64, 64, 66, 62, 62, 65, 64, 65, 63, 62, 64, 65, 64, 60, 65, 64, 65, 64, 65, 68, 60, 57, 63, 62, 62, 66, 64, 61, 60, 59, 65, 61, 61, 62, 65, 61, 58, 54, 57, 58, 60, 54, 60, 61]
3,12/06/22,16:37:42,False,0
[64, 62, 68, 67, 66, 70, 66, 68, 64, 60, 61, 62, 68, 68, 65, 65, 66, 65, 66, 65, 64, 62, 67, 64, 62, 65, 66, 62, 64, 64, 66, 66, 63, 65, 65, 64, 67, 64, 62, 64, 60, 60, 64, 62, 66, 64, 65, 60, 57, 58, 59, 59, 61, 60, 61, 60, 59, 52, 57, 56, 61, 57, 58, 59]
3,12/06/22,16:38:01,False,0
[63, 64, 68, 70, 64, 65, 71, 73, 62, 60, 65, 61, 66, 69, 64, 65, 62, 63, 67, 65, 65, 63, 64, 70, 61, 65, 67, 63, 66, 60, 64, 63, 62, 61, 66, 64, 65, 65, 63, 68, 62, 58, 62, 61, 65, 63, 63, 62, 55, 58, 62, 61, 60, 56, 64, 65, 58, 52, 57, 57, 58, 55, 60, 61]
3,12/06/22,16:38:21,False,0
[62, 65, 68, 67, 69, 72, 69, 69, 63, 62, 66, 63, 65, 67, 65, 67, 62, 63, 65, 62, 65, 59, 67, 65, 60, 61, 65, 61, 66, 65, 63, 62, 64, 63, 66, 61, 63, 64, 64, 64, 59, 59, 62, 63, 63, 65, 65, 65, 59, 57, 62, 61, 64, 60, 64, 64, 59, 54, 57, 57, 63, 54, 58, 58]
3,12/06/22,16:38:40,False,0
[62, 64, 68, 67, 68, 66, 70, 70, 63, 62, 66, 61, 66, 68, 63, 69, 65, 62, 64, 63, 64, 63, 66, 65, 60, 62, 66, 63, 65, 60, 64, 64, 65, 59, 64, 63, 63, 63, 63, 64, 58, 59, 62, 61, 64, 66, 63, 61, 56, 56, 63, 60, 60, 60, 64, 61, 60, 54, 59, 58, 58, 59, 55, 61]
3,12/06/22,16:39:00,False,0
[70, 62, 69, 67, 67, 69, 69, 71, 61, 61, 68, 60, 66, 66, 66, 68, 62, 65, 66, 63, 65, 64, 64, 65, 59, 63, 67, 65, 65, 62, 63, 63, 64, 62, 66, 63, 65, 63, 63, 64, 59, 60, 63, 63, 64, 63, 61, 62, 62, 55, 63, 61, 61, 60, 64, 63, 57, 55, 58, 58, 60, 56, 60, 62]
3,12/06/22,16:39:39,False,0
[65, 62, 64, 67, 67, 67, 69, 70, 62, 61, 62, 64, 65, 68, 65, 68, 63, 64, 65, 62, 65, 64, 67, 65, 57, 64, 66, 61, 66, 64, 64, 62, 62, 62, 62, 62, 64, 64, 65, 66, 60, 59, 61, 61, 64, 64, 65, 59, 56, 59, 59, 62, 60, 60, 63, 64, 56, 51, 54, 54, 60, 56, 55, 63]
3,12/06/22,16:39:59,False,0
[62, 64, 68, 67, 66, 71, 71, 70, 64, 59, 64, 62, 66, 66, 64, 67, 64, 65, 63, 65, 63, 63, 65, 63, 62, 61, 64, 62, 66, 63, 65, 63, 64, 60, 66, 64, 65, 63, 64, 66, 62, 59, 63, 61, 64, 63, 64, 62, 58, 60, 61, 64, 62, 61, 63, 64, 59, 53, 55, 57, 57, 57, 55, 64]
3,12/06/22,16:40:18,False,0
[64, 64, 68, 67, 68, 68, 66, 71, 63, 58, 62, 65, 65, 68, 65, 69, 65, 63, 65, 62, 63, 62, 68, 61, 62, 61, 64, 64, 65, 62, 62, 66, 64, 61, 64, 64, 65, 65, 64, 68, 62, 59, 61, 62, 65, 67, 66, 61, 59, 59, 64, 63, 63, 57, 64, 61, 61, 52, 55, 56, 60, 58, 62, 60]
3,12/06/22,16:40:38,False,0
[63, 65, 67, 66, 66, 68, 72, 69, 62, 62, 65, 63, 66, 66, 64, 70, 61, 61, 67, 63, 65, 62, 68, 62, 60, 61, 63, 62, 66, 63, 62, 61, 63, 60, 67, 64, 65, 63, 64, 66, 62, 57, 64, 59, 62, 63, 64, 62, 57, 55, 61, 60, 64, 60, 60, 60, 55, 53, 55, 58, 61, 54, 58, 63]
3,12/06/22,16:40:57,False,0
[64, 62, 66, 65, 67, 69, 70, 70, 63, 58, 65, 62, 64, 67, 66, 68, 62, 62, 66, 66, 61, 63, 67, 65, 60, 62, 64, 63, 65, 63, 63, 65, 65, 62, 66, 66, 66, 66, 65, 68, 62, 60, 61, 62, 66, 68, 64, 59, 56, 59, 60, 60, 61, 61, 64, 62, 60, 54, 56, 58, 63, 57, 56, 62]
3,12/06/22,16:41:17,False,0
[62, 64, 66, 67, 69, 69, 69, 70, 65, 59, 64, 61, 63, 67, 64, 70, 62, 66, 64, 64, 61, 61, 66, 64, 59, 63, 65, 63, 66, 61, 66, 62, 66, 62, 65, 64, 65, 62, 64, 66, 61, 60, 64, 62, 65, 66, 62, 64, 61, 58, 62, 62, 62, 59, 62, 60, 63, 52, 59, 58, 61, 53, 56, 63]
3,12/06/22,16:41:36,False,0
[64, 61, 65, 66, 66, 69, 68, 69, 63, 62, 63, 61, 66, 67, 63, 67, 64, 64, 68, 62, 62, 63, 67, 63, 62, 60, 64, 61, 66, 60, 65, 61, 65, 64, 65, 64, 65, 64, 64, 65, 61, 61, 59, 61, 63, 65, 64, 63, 59, 59, 64, 63, 61, 57, 61, 59, 55, 52, 55, 56, 63, 56, 57, 62]
3,12/06/22,16:41:56,False,0
[60, 64, 68, 66, 66, 71, 69, 72, 61, 63, 65, 61, 64, 67, 65, 71, 62, 62, 66, 64, 63, 63, 67, 65, 62, 64, 64, 62, 64, 62, 62, 63, 62, 62, 63, 63, 62, 64, 64, 69, 61, 61, 63, 61, 65, 66, 65, 61, 59, 56, 62, 60, 57, 63, 62, 59, 58, 50, 56, 55, 60, 55, 58, 63]
3,12/06/22,16:42:15,False,0
[65, 62, 66, 66, 69, 70, 71, 71, 62, 60, 64, 60, 65, 67, 62, 65, 60, 67, 64, 61, 63, 63, 66, 64, 59, 63, 65, 62, 63, 62, 66, 64, 63, 62, 64, 66, 64, 63, 64, 67, 60, 58, 62, 62, 61, 63, 65, 61, 59, 57, 61, 65, 59, 57, 62, 59, 60, 53, 58, 58, 57, 56, 57, 60]
3,12/06/22,16:42:35,False,0
[62, 66, 66, 67, 68, 71, 69, 70, 60, 60, 63, 64, 65, 69, 68, 65, 61, 63, 65, 61, 61, 65, 65, 66, 61, 61, 63, 62, 66, 60, 62, 64, 62, 62, 66, 64, 64, 64, 63, 67, 60, 57, 62, 63, 65, 66, 61, 62, 54, 58, 61, 65, 59, 59, 64, 62, 56, 54, 54, 56, 58, 57, 61, 64]
3,12/06/22,16:42:55,False,0
[58, 62, 66, 66, 65, 68, 68, 69, 63, 63, 64, 61, 64, 66, 64, 67, 60, 62, 67, 59, 62, 62, 63, 62, 61, 64, 65, 64, 65, 64, 65, 66, 61, 61, 66, 63, 63, 64, 64, 66, 59, 57, 64, 62, 63, 65, 65, 62, 58, 58, 63, 58, 59, 59, 65, 62, 58, 50, 58, 53, 59, 58, 55, 61]
3,12/06/22,16:43:14,True,0
[66, 62, 66, 66, 68, 68, 68, 70, 62, 62, 62, 61, 68, 68, 60, 66, 62, 64, 66, 60, 65, 61, 66, 64, 61, 66, 64, 63, 63, 60, 64, 64, 62, 59, 64, 62, 64, 65, 62, 67, 61, 57, 62, 64, 63, 64, 63, 62, 57, 61, 63, 61, 62, 61, 65, 66, 59, 54, 55, 58, 62, 52, 60, 60]
3,12/06/22,16:43:34,False,0
[64, 60, 67, 68, 66, 70, 68, 69, 61, 60, 64, 62, 65, 69, 64, 67, 63, 63, 64, 61, 61, 64, 66, 63, 65, 64, 65, 63, 66, 64, 65, 65, 65, 59, 66, 63, 63, 64, 65, 70, 60, 60, 63, 59, 63, 64, 60, 64, 57, 58, 62, 62, 61, 62, 64, 59, 57, 53, 55, 58, 58, 54, 57, 65]
3,12/06/22,16:43:53,False,0
[62, 60, 66, 66, 67, 71, 69, 66, 65, 59, 64, 60, 65, 67, 61, 66, 65, 60, 65, 64, 64, 61, 65, 65, 61, 62, 65, 63, 66, 64, 64, 62, 61, 59, 66, 63, 64, 60, 66, 70, 61, 57, 63, 60, 63, 66, 65, 63, 58, 60, 62, 62, 63, 59, 61, 64, 55, 56, 53, 55, 59, 56, 55, 64]
3,12/06/22,16:44:13,False,0
[62, 61, 68, 64, 65, 69, 69, 69, 64, 61, 64, 59, 67, 69, 67, 68, 60, 62, 65, 60, 64, 61, 65, 62, 61, 66, 65, 64, 63, 61, 63, 63, 62, 60, 65, 62, 65, 61, 62, 64, 63, 56, 62, 62, 64, 65, 63, 63, 59, 61, 62, 60, 63, 60, 60, 61, 59, 52, 55, 53, 60, 56, 58, 61]
3,12/06/22,16:44:32,False,0
[63, 64, 69, 66, 67, 69, 69, 69, 61, 60, 65, 63, 67, 65, 62, 64, 61, 64, 66, 64, 63, 61, 62, 66, 62, 63, 65, 62, 63, 62, 62, 66, 63, 61, 65, 61, 65, 64, 64, 66, 57, 59, 64, 61, 63, 67, 64, 62, 56, 59, 61, 63, 57, 57, 62, 61, 60, 52, 56, 55, 56, 57, 58, 62]
3,12/06/22,16:44:52,False,0
[64, 66, 68, 66, 65, 70, 69, 69, 63, 57, 65, 61, 63, 69, 65, 66, 64, 65, 66, 65, 63, 64, 66, 66, 60, 61, 63, 61, 64, 60, 65, 61, 65, 61, 65, 64, 65, 63, 66, 67, 58, 60, 64, 62, 65, 63, 65, 63, 59, 60, 60, 60, 59, 61, 62, 59, 58, 54, 54, 57, 60, 53, 58, 64]
3,12/06/22,16:45:12,False,0
[63, 60, 69, 67, 67, 70, 71, 68, 60, 61, 65, 65, 65, 66, 64, 67, 61, 65, 63, 61, 62, 59, 66, 62, 62, 60, 64, 62, 62, 62, 64, 62, 66, 61, 65, 65, 62, 63, 65, 67, 60, 59, 64, 61, 61, 64, 63, 60, 57, 56, 62, 61, 58, 61, 63, 64, 58, 56, 52, 53, 60, 57, 60, 60]
3,12/06/22,16:45:31,False,0
[62, 63, 67, 63, 67, 68, 69, 68, 61, 61, 64, 60, 65, 66, 61, 66, 60, 62, 65, 64, 64, 64, 63, 67, 62, 65, 65, 62, 64, 63, 61, 64, 63, 61, 64, 63, 63, 63, 64, 66, 59, 56, 62, 59, 60, 65, 63, 63, 55, 58, 60, 61, 61, 58, 62, 62, 59, 50, 57, 58, 59, 54, 57, 59]
3,12/06/22,16:45:51,False,0
[64, 63, 69, 69, 67, 68, 68, 71, 61, 63, 64, 62, 65, 67, 66, 68, 63, 64, 65, 61, 63, 62, 67, 64, 59, 63, 64, 60, 64, 60, 64, 63, 62, 59, 66, 62, 65, 66, 62, 65, 61, 60, 61, 59, 63, 64, 63, 63, 58, 61, 63, 63, 61, 61, 59, 62, 57, 54, 57, 58, 61, 54, 62, 65]
3,12/06/22,16:46:10,False,0
[63, 64, 63, 66, 67, 68, 69, 71, 64, 62, 64, 63, 64, 69, 67, 68, 63, 64, 68, 61, 62, 61, 65, 62, 60, 63, 63, 63, 64, 64, 63, 65, 61, 59, 66, 64, 65, 64, 63, 65, 61, 61, 62, 60, 63, 64, 65, 60, 58, 55, 61, 61, 59, 58, 61, 61, 57, 53, 58, 55, 59, 55, 56, 60]
3,12/06/22,16:46:30,False,0
[64, 65, 66, 65, 64, 67, 68, 70, 59, 63, 63, 60, 67, 67, 62, 66, 64, 61, 66, 61, 61, 60, 63, 63, 62, 62, 65, 62, 63, 62, 65, 59, 65, 59, 65, 66, 65, 64, 63, 66, 61, 60, 61, 60, 65, 64, 64, 62, 58, 58, 61, 59, 62, 62, 62, 59, 59, 52, 55, 55, 62, 55, 59, 62]
3,12/06/22,16:46:49,False,0
[66, 64, 66, 66, 68, 68, 68, 74, 61, 58, 66, 64, 64, 64, 63, 65, 62, 62, 64, 64, 63, 63, 66, 65, 59, 64, 64, 63, 64, 62, 64, 64, 64, 62, 66, 63, 67, 63, 66, 66, 59, 60, 63, 60, 63, 62, 61, 63, 57, 59, 63, 61, 61, 61, 64, 59, 58, 57, 55, 56, 58, 58, 58, 61]
3,12/06/22,16:47:09,False,0
[62, 63, 67, 67, 67, 70, 66, 71, 60, 59, 64, 61, 62, 66, 60, 64, 64, 61, 65, 63, 61, 64, 64, 66, 60, 64, 63, 61, 63, 63, 65, 65, 64, 59, 63, 63, 64, 63, 65, 66, 60, 59, 60, 61, 65, 65, 61, 61, 60, 57, 61, 59, 60, 63, 63, 62, 52, 55, 54, 55, 58, 57, 57, 61]
3,12/06/22,16:47:28,True,0
[62, 59, 66, 64, 66, 68, 68, 70, 62, 59, 63, 59, 63, 68, 66, 66, 63, 63, 63, 60, 63, 63, 68, 63, 60, 65, 65, 63, 67, 62, 65, 65, 63, 61, 64, 62, 64, 65, 64, 69, 60, 58, 62, 59, 63, 65, 65, 61, 57, 59, 62, 60, 59, 60, 63, 62, 59, 54, 56, 56, 60, 56, 58, 59]
3,12/06/22,16:47:48,True,0
[61, 62, 66, 66, 66, 68, 68, 66, 61, 59, 63, 60, 64, 65, 65, 67, 63, 64, 66, 65, 61, 63, 64, 65, 59, 64, 65, 60, 65, 63, 62, 61, 66, 63, 63, 65, 60, 64, 66, 66, 55, 59, 63, 60, 63, 62, 61, 62, 55, 57, 61, 61, 60, 60, 65, 63, 57, 52, 55, 58, 57, 55, 52, 59]
3,12/06/22,16:48:08,True,0
[64, 65, 64, 65, 63, 70, 66, 65, 62, 59, 63, 62, 65, 68, 65, 67, 62, 62, 66, 63, 59, 61, 64, 64, 60, 62, 63, 63, 63, 62, 64, 65, 62, 62, 64, 63, 64, 62, 63, 66, 59, 57, 63, 60, 63, 69, 64, 59, 58, 56, 61, 63, 61, 58, 62, 61, 57, 53, 57, 56, 61, 57, 59, 62]
3,12/06/22,16:48:27,False,0
[65, 63, 66, 68, 67, 70, 67, 71, 62, 63, 65, 65, 67, 67, 67, 67, 60, 63, 63, 61, 63, 62, 66, 66, 61, 62, 66, 62, 64, 63, 65, 64, 59, 62, 66, 63, 64, 62, 62, 68, 60, 59, 64, 61, 65, 63, 63, 62, 53, 56, 61, 60, 60, 60, 64, 60, 58, 52, 57, 58, 60, 52, 55, 60]
3,12/06/22,16:48:47,False,0
[62, 63, 66, 67, 69, 68, 68, 67, 62, 59, 67, 61, 67, 70, 64, 67, 63, 65, 67, 63, 61, 63, 65, 62, 59, 62, 67, 62, 64, 63, 66, 64, 65, 57, 65, 64, 64, 64, 64, 65, 59, 56, 62, 61, 65, 64, 64, 60, 57, 58, 62, 61, 60, 58, 60, 64, 60, 51, 57, 55, 61, 56, 58, 60]
3,12/06/22,16:49:06,False,0
[67, 62, 68, 65, 69, 71, 69, 72, 62, 60, 65, 63, 63, 68, 63, 66, 65, 61, 67, 64, 60, 62, 65, 61, 58, 61, 65, 62, 64, 62, 62, 66, 63, 61, 64, 63, 64, 65, 64, 66, 62, 56, 62, 61, 63, 63, 61, 60, 55, 57, 64, 60, 59, 59, 63, 61, 56, 51, 56, 58, 60, 53, 56, 63]
3,12/06/22,16:49:45,True,0
[63, 61, 67, 64, 64, 67, 69, 67, 60, 57, 61, 61, 63, 67, 66, 65, 64, 62, 67, 64, 61, 62, 64, 62, 60, 64, 65, 62, 63, 61, 67, 65, 63, 60, 63, 64, 63, 62, 62, 68, 58, 55, 61, 61, 63, 66, 61, 61, 58, 58, 60, 61, 60, 58, 62, 60, 53, 53, 56, 58, 61, 58, 56, 59]
3,12/06/22,16:50:05,True,0
[63, 63, 66, 68, 65, 68, 69, 68, 59, 62, 62, 61, 63, 68, 64, 69, 64, 62, 68, 64, 63, 63, 67, 63, 60, 63, 66, 64, 64, 63, 67, 65, 64, 61, 65, 62, 66, 64, 64, 67, 61, 57, 60, 60, 60, 65, 62, 63, 60, 58, 61, 64, 62, 61, 60, 62, 58, 55, 57, 57, 59, 54, 58, 60]
3,12/06/22,16:50:25,False,0
[61, 66, 69, 65, 67, 68, 69, 70, 61, 60, 66, 64, 64, 65, 62, 67, 61, 63, 67, 65, 63, 63, 66, 63, 61, 65, 62, 64, 64, 64, 65, 65, 64, 63, 66, 63, 66, 61, 62, 65, 63, 61, 63, 62, 65, 66, 63, 61, 56, 59, 61, 62, 59, 59, 63, 61, 57, 53, 52, 54, 63, 56, 54, 64]
3,12/06/22,16:50:44,False,0
[61, 59, 65, 66, 63, 70, 67, 69, 61, 60, 65, 64, 65, 66, 65, 68, 64, 64, 65, 66, 63, 64, 67, 64, 57, 65, 65, 62, 64, 61, 64, 64, 65, 60, 65, 64, 66, 64, 63, 67, 59, 59, 64, 61, 65, 66, 63, 65, 55, 60, 61, 61, 61, 61, 63, 64, 58, 49, 55, 55, 61, 57, 52, 60]
3,12/06/22,16:51:04,False,0
[63, 63, 70, 66, 66, 67, 69, 68, 63, 63, 63, 62, 65, 66, 64, 67, 65, 63, 66, 62, 63, 61, 67, 64, 59, 60, 67, 62, 64, 60, 67, 64, 61, 60, 66, 64, 61, 67, 65, 64, 60, 57, 64, 61, 64, 65, 63, 61, 58, 60, 62, 64, 63, 60, 64, 61, 55, 51, 54, 53, 60, 55, 56, 63]
3,12/06/22,16:51:23,False,0
[62, 66, 68, 65, 67, 70, 68, 71, 61, 62, 62, 61, 65, 67, 64, 65, 64, 64, 64, 63, 64, 63, 67, 64, 61, 62, 63, 61, 64, 64, 65, 64, 63, 63, 66, 64, 66, 64, 65, 65, 60, 57, 61, 60, 63, 64, 63, 63, 56, 62, 61, 61, 60, 60, 63, 59, 59, 53, 56, 59, 61, 54, 58, 63]
3,12/06/22,16:51:43,False,0
[64, 61, 67, 66, 67, 66, 68, 69, 63, 62, 66, 61, 65, 69, 65, 68, 62, 62, 67, 62, 63, 62, 62, 63, 61, 62, 64, 61, 66, 62, 63, 63, 65, 60, 65, 64, 64, 65, 64, 66, 61, 58, 61, 62, 64, 65, 66, 63, 57, 57, 63, 63, 60, 57, 65, 63, 58, 53, 57, 58, 59, 54, 52, 64]
3,12/06/22,16:52:22,True,0
[64, 61, 65, 64, 67, 68, 70, 67, 60, 60, 63, 64, 64, 68, 64, 68, 63, 64, 65, 66, 63, 64, 66, 63, 59, 64, 65, 63, 66, 63, 65, 65, 64, 62, 63, 65, 65, 64, 64, 68, 62, 60, 63, 60, 62, 63, 66, 60, 57, 58, 60, 60, 61, 59, 63, 61, 59, 49, 56, 57, 64, 55, 56, 63]
3,12/06/22,16:52:41,False,0
[67, 63, 69, 68, 62, 70, 69, 72, 64, 62, 66, 59, 64, 67, 62, 64, 64, 66, 65, 65, 64, 64, 65, 64, 60, 64, 65, 63, 67, 61, 64, 63, 65, 62, 68, 62, 62, 65, 65, 66, 59, 62, 61, 62, 63, 64, 63, 62, 56, 62, 60, 65, 61, 60, 64, 63, 55, 53, 59, 55, 60, 55, 60, 64]
3,12/06/22,16:53:01,False,0
[64, 62, 65, 66, 66, 69, 67, 70, 63, 63, 63, 61, 65, 67, 65, 65, 62, 61, 66, 63, 62, 62, 66, 64, 59, 66, 66, 63, 66, 62, 64, 65, 66, 62, 67, 63, 64, 64, 66, 63, 61, 57, 65, 62, 62, 63, 62, 60, 60, 60, 61, 61, 62, 56, 63, 62, 59, 53, 58, 55, 60, 56, 59, 59]
3,12/06/22,16:53:21,True,0
[63, 63, 68, 66, 65, 73, 69, 69, 63, 59, 66, 59, 66, 67, 62, 69, 64, 64, 65, 63, 62, 63, 66, 63, 64, 63, 65, 63, 65, 60, 64, 63, 65, 59, 66, 64, 66, 64, 63, 65, 62, 58, 60, 62, 64, 65, 62, 62, 57, 57, 61, 65, 61, 62, 62, 65, 58, 55, 57, 57, 60, 57, 58, 58]
3,12/06/22,16:53:40,False,0
[63, 62, 67, 68, 68, 68, 69, 71, 64, 61, 67, 62, 65, 67, 65, 67, 64, 61, 66, 63, 65, 63, 66, 65, 62, 62, 66, 60, 66, 63, 65, 64, 61, 62, 68, 64, 67, 67, 66, 69, 59, 58, 64, 61, 63, 65, 64, 64, 58, 58, 60, 63, 63, 61, 65, 60, 56, 52, 55, 57, 61, 58, 60, 63]
3,12/06/22,16:54:00,False,0
[67, 65, 69, 68, 66, 71, 69, 69, 63, 59, 65, 64, 67, 67, 64, 67, 62, 66, 68, 63, 63, 64, 69, 63, 64, 60, 66, 64, 64, 61, 65, 65, 65, 60, 66, 63, 64, 66, 65, 68, 59, 59, 64, 60, 63, 65, 64, 63, 58, 60, 65, 61, 61, 59, 65, 63, 58, 54, 57, 56, 60, 57, 59, 65]
3,12/06/22,16:54:19,True,0
[66, 62, 66, 67, 67, 70, 71, 70, 63, 60, 66, 62, 66, 70, 65, 66, 63, 63, 67, 65, 64, 61, 65, 68, 62, 61, 67, 63, 66, 62, 66, 63, 63, 62, 67, 65, 64, 62, 64, 68, 57, 58, 65, 63, 63, 65, 63, 63, 60, 55, 59, 64, 60, 61, 64, 59, 55, 52, 57, 57, 60, 59, 57, 63]
3,12/06/22,16:54:39,False,0
[63, 61, 67, 67, 66, 69, 68, 70, 63, 60, 65, 64, 65, 68, 67, 69, 64, 67, 68, 66, 63, 61, 69, 66, 59, 65, 66, 65, 64, 61, 65, 65, 61, 62, 66, 66, 65, 67, 67, 66, 61, 59, 63, 63, 64, 66, 63, 62, 61, 57, 63, 63, 61, 59, 59, 62, 56, 52, 58, 56, 57, 57, 58, 59]
3,12/06/22,16:54:58,False,0
[64, 66, 69, 64, 66, 71, 69, 70, 64, 61, 64, 63, 64, 70, 67, 66, 59, 62, 66, 65, 62, 65, 70, 64, 62, 65, 65, 64, 65, 65, 67, 62, 64, 60, 66, 65, 65, 65, 66, 68, 61, 60, 64, 62, 65, 64, 64, 63, 58, 60, 59, 62, 62, 62, 66, 63, 60, 56, 55, 57, 63, 59, 59, 65]
3,12/06/22,16:55:18,False,0
[64, 64, 67, 65, 66, 70, 69, 72, 62, 62, 64, 63, 65, 69, 66, 68, 64, 64, 66, 67, 65, 63, 67, 65, 59, 66, 63, 64, 67, 61, 64, 64, 63, 64, 66, 66, 66, 66, 66, 67, 61, 56, 65, 60, 65, 64, 65, 62, 57, 62, 63, 64, 61, 58, 64, 65, 56, 52, 54, 55, 60, 57, 55, 57]
3,12/06/22,16:55:38,False,0
[64, 63, 68, 66, 66, 70, 70, 71, 64, 60, 65, 63, 64, 68, 62, 67, 62, 63, 67, 65, 65, 66, 66, 65, 63, 65, 66, 63, 63, 64, 65, 62, 64, 61, 65, 65, 67, 64, 66, 68, 61, 59, 65, 61, 63, 65, 62, 63, 56, 58, 63, 63, 64, 59, 61, 59, 61, 54, 55, 58, 60, 57, 57, 62]
3,12/06/22,16:55:57,False,0
[65, 61, 68, 66, 67, 71, 69, 69, 63, 61, 65, 62, 66, 69, 64, 67, 64, 67, 65, 64, 64, 65, 67, 64, 61, 63, 65, 63, 64, 62, 65, 63, 64, 62, 64, 64, 65, 67, 64, 65, 64, 61, 63, 63, 65, 63, 63, 61, 58, 57, 61, 62, 62, 61, 64, 62, 56, 55, 58, 60, 60, 58, 61, 65]
3,12/06/22,16:56:17,False,0
[63, 63, 69, 68, 67, 69, 69, 70, 64, 61, 65, 64, 67, 66, 65, 67, 65, 62, 66, 66, 63, 64, 68, 65, 59, 63, 65, 62, 65, 61, 66, 67, 65, 64, 64, 63, 67, 65, 66, 67, 62, 62, 63, 62, 66, 65, 62, 63, 59, 59, 67, 64, 59, 63, 61, 62, 56, 53, 57, 57, 65, 54, 62, 63]
3,12/06/22,16:56:36,False,0
[64, 63, 68, 66, 68, 71, 69, 71, 62, 59, 64, 63, 66, 66, 68, 67, 64, 62, 64, 64, 62, 65, 67, 64, 62, 66, 66, 65, 66, 64, 67, 63, 66, 62, 65, 65, 67, 63, 66, 66, 61, 62, 64, 65, 65, 66, 63, 64, 57, 56, 60, 64, 63, 62, 64, 60, 60, 52, 54, 55, 62, 55, 57, 67]
3,12/06/22,16:56:56,False,0
[64, 62, 66, 68, 67, 69, 70, 72, 65, 63, 64, 64, 66, 71, 67, 68, 64, 63, 67, 63, 62, 67, 66, 64, 62, 64, 67, 66, 67, 62, 64, 65, 67, 62, 64, 68, 67, 65, 64, 67, 62, 60, 64, 66, 66, 69, 66, 63, 60, 60, 64, 62, 61, 59, 65, 63, 58, 54, 56, 58, 63, 56, 58, 65]
3,12/06/22,16:57:35,False,0
[63, 62, 65, 71, 66, 71, 70, 68, 61, 62, 64, 62, 67, 71, 63, 66, 63, 65, 65, 65, 65, 64, 67, 65, 59, 62, 65, 64, 66, 59, 67, 64, 66, 63, 66, 66, 67, 67, 64, 69, 60, 59, 60, 65, 64, 64, 64, 62, 58, 62, 62, 64, 64, 61, 64, 63, 59, 58, 60, 56, 60, 56, 59, 62]
3,12/06/22,16:57:54,False,0
[65, 63, 69, 68, 69, 73, 72, 73, 62, 60, 63, 62, 65, 70, 69, 70, 64, 64, 65, 64, 65, 64, 68, 63, 63, 63, 69, 65, 64, 63, 64, 62, 64, 64, 67, 66, 66, 66, 66, 70, 58, 60, 65, 65, 65, 67, 67, 62, 57, 61, 62, 65, 62, 60, 66, 62, 56, 54, 53, 60, 62, 60, 59, 66]
3,12/06/22,16:58:14,False,0
[68, 64, 65, 67, 68, 69, 69, 69, 63, 62, 66, 65, 65, 70, 65, 68, 66, 65, 67, 67, 63, 65, 65, 65, 64, 64, 68, 63, 66, 64, 68, 64, 65, 62, 65, 66, 67, 66, 63, 67, 61, 60, 64, 64, 63, 67, 62, 62, 59, 60, 64, 64, 62, 63, 64, 63, 59, 56, 59, 60, 63, 59, 58, 60]
3,12/06/22,16:58:34,False,0
[64, 63, 70, 71, 70, 71, 71, 70, 65, 62, 65, 63, 68, 68, 68, 69, 61, 66, 68, 64, 64, 65, 65, 65, 60, 68, 66, 63, 66, 64, 67, 67, 62, 62, 67, 65, 68, 64, 68, 65, 63, 60, 63, 64, 62, 66, 65, 65, 56, 60, 63, 61, 63, 62, 66, 65, 61, 54, 59, 59, 64, 57, 58, 67]
3,12/06/22,16:58:53,False,0
[66, 63, 69, 68, 66, 67, 74, 71, 61, 63, 65, 67, 66, 70, 66, 71, 65, 65, 63, 62, 62, 64, 71, 65, 61, 67, 66, 63, 65, 65, 64, 66, 65, 61, 67, 65, 67, 67, 63, 69, 60, 60, 66, 65, 64, 67, 65, 63, 57, 60, 61, 62, 64, 64, 62, 62, 60, 56, 55, 56, 61, 57, 58, 64]
3,12/06/22,16:59:13,False,0
[66, 66, 68, 69, 69, 71, 69, 71, 65, 59, 65, 62, 65, 72, 66, 66, 61, 64, 67, 64, 62, 64, 67, 67, 59, 61, 65, 65, 67, 63, 64, 62, 68, 61, 66, 67, 69, 66, 66, 69, 61, 63, 63, 62, 64, 67, 67, 63, 55, 60, 64, 66, 64, 62, 64, 62, 58, 53, 58, 60, 64, 59, 58, 60]
3,12/06/22,16:59:32,True,0
[65, 65, 67, 67, 70, 70, 68, 72, 64, 60, 63, 65, 66, 69, 65, 70, 66, 65, 65, 65, 64, 66, 66, 65, 62, 63, 64, 63, 67, 62, 64, 63, 65, 62, 67, 63, 66, 66, 65, 70, 60, 60, 66, 61, 65, 63, 63, 62, 56, 59, 63, 61, 64, 60, 68, 62, 55, 56, 54, 59, 61, 57, 58, 66]
3,12/06/22,17:00:11,False,0
[64, 61, 70, 66, 68, 70, 68, 71, 65, 61, 65, 64, 67, 71, 66, 71, 64, 64, 67, 64, 63, 65, 69, 67, 58, 64, 66, 64, 65, 66, 66, 68, 66, 60, 70, 64, 69, 63, 66, 68, 63, 60, 67, 62, 65, 67, 64, 65, 59, 60, 62, 62, 63, 63, 67, 62, 60, 53, 57, 61, 63, 58, 62, 63]
3,12/06/22,17:00:31,False,0
[65, 65, 66, 68, 69, 71, 69, 71, 63, 60, 66, 63, 64, 72, 68, 70, 64, 66, 66, 65, 65, 65, 68, 66, 64, 65, 67, 64, 67, 65, 68, 63, 66, 61, 64, 65, 68, 67, 65, 69, 61, 58, 63, 64, 66, 69, 66, 67, 62, 58, 64, 62, 66, 61, 64, 65, 63, 53, 60, 58, 63, 58, 60, 62]
3,12/06/22,17:00:51,True,0
[66, 63, 68, 67, 66, 73, 71, 75, 66, 60, 66, 62, 67, 71, 67, 70, 61, 66, 66, 63, 65, 61, 68, 64, 63, 67, 67, 66, 64, 63, 67, 65, 64, 62, 67, 65, 66, 65, 66, 69, 62, 59, 62, 63, 65, 68, 66, 64, 57, 59, 61, 66, 63, 62, 65, 64, 58, 53, 55, 57, 62, 60, 62, 63]
3,12/06/22,17:01:10,False,0
[62, 63, 69, 65, 67, 68, 71, 73, 63, 64, 67, 64, 67, 70, 65, 70, 65, 63, 68, 65, 64, 66, 69, 66, 61, 64, 65, 64, 66, 62, 66, 64, 64, 63, 67, 65, 68, 64, 66, 72, 62, 61, 64, 64, 66, 67, 63, 66, 61, 59, 62, 64, 62, 64, 64, 63, 59, 54, 57, 56, 65, 57, 59, 64]
3,12/06/22,17:01:30,False,0
[64, 61, 67, 64, 69, 73, 72, 74, 59, 60, 67, 60, 68, 70, 67, 69, 64, 63, 66, 67, 66, 64, 68, 67, 64, 62, 68, 64, 68, 64, 67, 68, 64, 59, 66, 65, 67, 64, 66, 66, 61, 64, 65, 64, 65, 68, 65, 64, 58, 61, 64, 65, 66, 58, 62, 61, 60, 57, 59, 60, 66, 57, 63, 66]
3,12/06/22,17:01:49,False,0
[64, 63, 68, 67, 67, 71, 70, 72, 62, 62, 66, 62, 66, 71, 67, 69, 64, 63, 69, 64, 65, 64, 69, 62, 64, 63, 66, 62, 69, 65, 67, 65, 67, 63, 68, 67, 67, 67, 66, 68, 60, 61, 63, 62, 66, 64, 64, 62, 57, 59, 61, 62, 65, 60, 65, 65, 63, 57, 58, 55, 61, 58, 63, 63]
3,12/06/22,17:02:09,False,0
[62, 63, 68, 64, 68, 71, 72, 73, 65, 61, 66, 64, 66, 70, 66, 71, 64, 63, 69, 67, 65, 66, 68, 69, 62, 67, 65, 65, 67, 67, 66, 66, 68, 63, 65, 65, 68, 66, 66, 71, 59, 60, 64, 64, 66, 66, 63, 65, 57, 61, 66, 62, 66, 66, 66, 65, 57, 54, 58, 59, 62, 58, 61, 65]
3,12/06/22,17:02:48,False,0
[67, 66, 66, 69, 67, 71, 70, 70, 64, 60, 65, 64, 68, 70, 66, 73, 63, 62, 67, 66, 65, 65, 69, 67, 63, 64, 68, 65, 66, 66, 65, 63, 64, 62, 68, 67, 67, 68, 64, 67, 64, 59, 65, 63, 64, 68, 64, 65, 60, 60, 65, 63, 65, 64, 64, 63, 61, 57, 56, 58, 64, 58, 62, 64]
3,12/06/22,17:03:07,False,0
[68, 65, 69, 67, 66, 72, 72, 70, 61, 62, 66, 64, 68, 68, 68, 67, 61, 66, 66, 64, 65, 65, 66, 65, 60, 66, 70, 64, 67, 65, 65, 64, 66, 64, 68, 64, 67, 64, 66, 68, 63, 62, 65, 65, 67, 66, 65, 62, 60, 62, 67, 62, 63, 63, 66, 65, 62, 52, 57, 57, 60, 60, 60, 65]
3,12/06/22,17:03:27,False,0
[65, 64, 68, 68, 65, 72, 72, 73, 62, 60, 65, 64, 67, 69, 67, 71, 64, 60, 67, 66, 66, 65, 67, 67, 62, 64, 67, 65, 68, 64, 67, 68, 64, 63, 65, 67, 69, 67, 65, 70, 62, 59, 65, 62, 65, 68, 67, 66, 62, 63, 64, 64, 64, 62, 66, 65, 60, 55, 58, 59, 62, 59, 61, 63]
3,12/06/22,17:03:47,False,0
[65, 65, 68, 67, 68, 73, 70, 73, 65, 63, 68, 65, 68, 70, 68, 70, 65, 63, 66, 66, 65, 65, 67, 64, 61, 65, 68, 66, 66, 64, 67, 63, 64, 64, 64, 63, 68, 67, 65, 69, 60, 62, 63, 65, 65, 67, 64, 65, 64, 58, 61, 63, 63, 59, 64, 68, 60, 56, 55, 57, 62, 59, 61, 64]
3,12/06/22,17:04:06,False,0
[64, 63, 66, 69, 67, 71, 69, 75, 64, 60, 63, 66, 67, 71, 66, 69, 63, 62, 67, 65, 65, 66, 66, 66, 61, 67, 64, 64, 66, 65, 66, 65, 66, 59, 66, 65, 65, 66, 67, 70, 59, 60, 64, 64, 66, 67, 66, 68, 58, 61, 63, 63, 66, 60, 65, 62, 59, 53, 57, 62, 64, 55, 58, 63]
3,12/06/22,17:04:26,True,0
[67, 63, 72, 69, 67, 72, 69, 72, 64, 64, 69, 63, 68, 70, 67, 69, 65, 67, 69, 64, 65, 65, 69, 66, 61, 67, 66, 66, 67, 66, 65, 64, 63, 65, 67, 66, 68, 68, 66, 66, 59, 61, 64, 62, 68, 66, 64, 62, 60, 61, 66, 64, 65, 64, 66, 66, 57, 56, 57, 60, 62, 58, 58, 60]
3,12/06/22,17:04:45,False,0
[64, 65, 70, 69, 67, 72, 73, 72, 67, 64, 67, 63, 67, 70, 68, 71, 62, 64, 68, 68, 64, 66, 69, 65, 64, 65, 66, 67, 66, 67, 68, 65, 67, 62, 67, 65, 69, 69, 66, 69, 59, 62, 65, 64, 69, 69, 66, 63, 59, 60, 66, 65, 63, 62, 67, 65, 61, 58, 58, 61, 64, 59, 58, 67]
3,12/06/22,17:05:05,False,0
[66, 67, 67, 69, 66, 69, 70, 73, 63, 62, 66, 66, 68, 71, 67, 69, 63, 64, 65, 64, 65, 65, 68, 64, 63, 64, 65, 63, 67, 66, 65, 62, 67, 64, 66, 65, 66, 66, 65, 71, 62, 60, 65, 62, 67, 68, 66, 66, 58, 60, 63, 61, 63, 60, 64, 61, 59, 55, 57, 61, 62, 59, 62, 66]
3,12/06/22,17:05:44,False,0
[67, 62, 69, 69, 67, 73, 70, 72, 63, 61, 66, 62, 68, 70, 68, 69, 64, 65, 64, 65, 65, 64, 70, 66, 61, 64, 66, 64, 68, 66, 69, 65, 65, 63, 67, 67, 68, 68, 67, 68, 60, 59, 66, 63, 66, 68, 64, 63, 58, 60, 65, 64, 65, 61, 63, 66, 63, 57, 61, 60, 61, 60, 60, 64]
3,12/06/22,17:06:04,False,0
[67, 65, 68, 67, 65, 70, 68, 72, 63, 64, 70, 63, 67, 71, 68, 71, 64, 64, 66, 68, 64, 66, 68, 68, 62, 69, 67, 65, 66, 65, 68, 65, 66, 62, 66, 64, 69, 62, 65, 67, 58, 62, 63, 63, 66, 67, 64, 64, 60, 60, 64, 64, 63, 61, 67, 61, 61, 54, 58, 60, 65, 58, 60, 68]
3,12/06/22,17:06:23,True,0
[63, 61, 71, 71, 68, 68, 68, 74, 61, 61, 63, 63, 67, 71, 66, 67, 65, 63, 70, 68, 66, 64, 66, 64, 61, 66, 66, 67, 69, 66, 67, 67, 64, 64, 68, 67, 67, 67, 64, 68, 60, 60, 64, 63, 66, 66, 66, 64, 60, 63, 64, 66, 65, 64, 67, 65, 56, 57, 62, 62, 62, 59, 61, 62]
3,12/06/22,17:06:43,False,0
[64, 66, 69, 71, 65, 72, 71, 74, 64, 61, 68, 63, 69, 70, 66, 69, 66, 68, 68, 64, 67, 67, 70, 66, 62, 67, 67, 64, 69, 65, 65, 65, 65, 63, 68, 64, 67, 68, 66, 66, 64, 62, 63, 64, 69, 67, 65, 65, 60, 56, 62, 66, 64, 63, 66, 68, 61, 54, 60, 59, 63, 59, 61, 63]
3,12/06/22,17:07:02,False,0
[66, 65, 73, 67, 69, 74, 70, 74, 64, 65, 67, 65, 69, 72, 66, 70, 64, 67, 67, 64, 66, 66, 72, 64, 63, 64, 65, 64, 66, 63, 65, 65, 65, 65, 67, 67, 67, 67, 70, 71, 63, 60, 64, 63, 66, 67, 67, 65, 59, 59, 64, 64, 64, 62, 65, 64, 61, 55, 58, 61, 65, 59, 61, 64]
3,12/06/22,17:07:22,False,0
[63, 60, 70, 67, 68, 74, 70, 68, 63, 61, 65, 63, 66, 71, 66, 71, 63, 64, 65, 65, 65, 66, 66, 66, 63, 64, 68, 65, 65, 65, 66, 65, 64, 65, 67, 67, 67, 68, 66, 68, 61, 57, 66, 64, 68, 65, 65, 63, 61, 57, 61, 66, 64, 65, 65, 63, 61, 56, 59, 61, 65, 60, 62, 65]
3,12/06/22,17:07:41,False,0
[62, 64, 65, 70, 68, 72, 69, 72, 64, 61, 65, 64, 66, 71, 67, 70, 67, 66, 65, 63, 65, 64, 67, 64, 63, 68, 65, 63, 68, 66, 67, 68, 65, 61, 69, 65, 68, 66, 66, 69, 58, 58, 64, 62, 65, 67, 64, 64, 61, 60, 60, 61, 65, 60, 68, 64, 59, 56, 57, 61, 62, 57, 59, 67]
3,12/06/22,17:08:01,True,0
[64, 63, 68, 68, 67, 72, 71, 73, 64, 63, 63, 59, 66, 69, 67, 70, 66, 65, 69, 63, 67, 64, 68, 67, 61, 65, 67, 63, 68, 65, 66, 63, 64, 61, 68, 66, 66, 67, 64, 69, 61, 61, 64, 64, 68, 69, 64, 64, 57, 62, 65, 66, 63, 62, 68, 62, 61, 49, 59, 59, 65, 58, 63, 66]
3,12/06/22,17:08:40,False,0
[67, 64, 70, 67, 70, 70, 72, 70, 63, 63, 66, 67, 68, 74, 64, 70, 66, 61, 69, 64, 62, 65, 68, 66, 64, 66, 68, 66, 67, 67, 67, 66, 65, 66, 67, 66, 66, 68, 66, 69, 60, 60, 65, 64, 66, 67, 65, 65, 58, 60, 64, 64, 65, 67, 65, 63, 60, 56, 57, 57, 65, 55, 60, 63]
3,12/06/22,17:09:00,False,0
[68, 62, 68, 66, 69, 72, 73, 74, 64, 61, 67, 64, 67, 71, 64, 70, 62, 64, 65, 66, 66, 66, 69, 65, 62, 64, 67, 65, 67, 66, 67, 67, 64, 61, 66, 66, 67, 65, 63, 71, 63, 59, 64, 64, 67, 69, 64, 65, 63, 56, 65, 63, 67, 60, 65, 63, 59, 51, 57, 60, 68, 58, 59, 64]
3,12/06/22,17:09:19,False,0
[67, 64, 68, 70, 68, 74, 72, 69, 64, 61, 66, 63, 68, 71, 64, 68, 63, 63, 62, 66, 64, 66, 68, 64, 61, 68, 67, 64, 69, 63, 65, 65, 66, 64, 69, 65, 67, 67, 62, 70, 63, 60, 64, 59, 66, 70, 66, 63, 61, 59, 63, 61, 65, 60, 70, 63, 60, 54, 55, 60, 65, 56, 59, 66]
3,12/06/22,17:09:39,True,0
[64, 66, 68, 70, 68, 72, 68, 73, 64, 64, 67, 63, 67, 71, 67, 67, 64, 63, 68, 66, 66, 67, 69, 67, 60, 66, 67, 64, 66, 65, 67, 66, 63, 62, 67, 66, 68, 66, 66, 69, 59, 61, 64, 65, 68, 67, 65, 68, 57, 58, 61, 63, 66, 63, 66, 63, 58, 53, 59, 60, 63, 58, 61, 65]
3,12/06/22,17:09:58,True,0
[63, 64, 66, 68, 72, 70, 71, 72, 68, 63, 66, 62, 69, 69, 69, 67, 63, 64, 67, 65, 68, 66, 66, 64, 63, 64, 69, 63, 65, 64, 68, 68, 66, 63, 69, 66, 67, 65, 67, 70, 60, 61, 66, 64, 67, 68, 66, 64, 60, 61, 63, 67, 67, 64, 64, 64, 58, 58, 59, 58, 64, 59, 60, 64]
3,12/06/22,17:10:18,False,0
[68, 63, 69, 70, 70, 73, 71, 74, 63, 62, 63, 63, 64, 69, 69, 68, 63, 63, 66, 63, 66, 66, 71, 66, 63, 64, 67, 62, 67, 64, 66, 66, 63, 62, 65, 65, 67, 65, 66, 68, 63, 60, 63, 61, 68, 67, 65, 68, 61, 59, 62, 62, 64, 61, 64, 64, 62, 54, 59, 57, 65, 56, 61, 64]
3,12/06/22,17:10:37,False,0
[66, 66, 65, 64, 66, 72, 72, 70, 61, 64, 64, 65, 68, 71, 68, 70, 64, 64, 68, 65, 68, 66, 67, 66, 64, 66, 66, 64, 65, 66, 67, 64, 64, 64, 67, 66, 69, 66, 67, 67, 63, 61, 64, 63, 68, 71, 65, 62, 55, 61, 65, 63, 65, 65, 66, 65, 59, 57, 57, 61, 66, 59, 57, 64]
3,12/06/22,17:10:57,False,0
[63, 64, 67, 67, 70, 73, 70, 72, 67, 63, 67, 63, 67, 69, 67, 70, 66, 62, 66, 64, 65, 65, 67, 64, 61, 63, 67, 63, 66, 64, 65, 65, 66, 62, 68, 66, 68, 66, 68, 68, 61, 61, 65, 64, 67, 73, 67, 68, 58, 58, 65, 62, 63, 60, 64, 62, 61, 56, 58, 59, 64, 57, 60, 64]
3,12/06/22,17:11:17,False,0
[64, 61, 69, 68, 70, 72, 70, 72, 65, 61, 67, 63, 69, 70, 66, 68, 64, 65, 64, 67, 66, 65, 68, 65, 60, 65, 69, 65, 65, 65, 67, 64, 66, 62, 65, 66, 68, 67, 67, 70, 64, 62, 66, 64, 66, 68, 66, 65, 58, 58, 65, 65, 64, 62, 66, 64, 61, 58, 56, 61, 63, 60, 62, 65]
3,12/06/22,17:11:36,False,0
[65, 65, 67, 68, 71, 73, 68, 72, 65, 63, 66, 62, 68, 70, 66, 69, 64, 67, 65, 66, 64, 65, 69, 64, 62, 64, 66, 65, 64, 63, 67, 66, 65, 63, 64, 66, 69, 67, 66, 66, 63, 59, 64, 63, 65, 66, 65, 63, 61, 57, 62, 63, 62, 63, 62, 64, 62, 57, 58, 62, 65, 59, 61, 66]
3,12/06/22,17:11:56,False,0
[64, 66, 68, 67, 69, 72, 72, 72, 64, 61, 68, 64, 67, 68, 68, 70, 62, 64, 66, 66, 64, 65, 70, 66, 65, 64, 68, 65, 68, 63, 67, 65, 66, 62, 67, 66, 68, 67, 66, 69, 62, 59, 67, 65, 65, 66, 64, 64, 58, 62, 63, 60, 63, 65, 65, 65, 56, 51, 58, 58, 64, 60, 60, 66]
3,12/06/22,17:12:15,True,0
[69, 61, 68, 68, 70, 73, 68, 71, 66, 59, 66, 61, 66, 69, 68, 68, 64, 66, 67, 63, 65, 65, 68, 68, 60, 63, 66, 63, 67, 67, 67, 66, 63, 64, 65, 66, 65, 67, 67, 70, 61, 60, 62, 63, 64, 66, 63, 67, 58, 58, 66, 63, 63, 65, 64, 64, 61, 54, 58, 60, 64, 62, 60, 64]
3,12/06/22,17:12:35,False,0
[67, 63, 68, 70, 69, 73, 71, 70, 63, 61, 65, 60, 66, 70, 63, 70, 64, 66, 69, 65, 64, 65, 65, 66, 60, 64, 65, 63, 66, 64, 67, 65, 65, 64, 66, 64, 67, 67, 65, 70, 61, 61, 62, 64, 68, 68, 64, 63, 60, 61, 62, 66, 64, 62, 67, 65, 57, 54, 56, 58, 62, 55, 57, 62]
3,12/06/22,17:12:54,False,0
[63, 63, 69, 67, 66, 73, 70, 72, 63, 60, 65, 64, 68, 71, 66, 67, 63, 63, 67, 64, 65, 66, 67, 66, 62, 67, 68, 64, 66, 66, 65, 65, 67, 62, 66, 66, 66, 67, 64, 71, 59, 61, 64, 65, 66, 67, 64, 66, 59, 60, 62, 64, 61, 63, 66, 66, 61, 55, 62, 64, 66, 61, 62, 66]
3,12/06/22,17:13:14,False,0
[66, 62, 65, 69, 68, 72, 71, 71, 64, 61, 68, 62, 66, 70, 67, 71, 63, 65, 67, 66, 64, 66, 67, 64, 63, 63, 67, 64, 65, 64, 64, 67, 67, 62, 67, 64, 68, 67, 67, 68, 60, 61, 64, 61, 66, 67, 67, 67, 55, 62, 61, 63, 64, 62, 61, 66, 59, 57, 56, 58, 64, 58, 60, 63]
3,12/06/22,17:13:33,True,0
[62, 64, 67, 70, 65, 70, 69, 72, 63, 60, 67, 63, 67, 70, 66, 71, 63, 62, 66, 66, 67, 62, 68, 62, 63, 62, 64, 63, 68, 63, 66, 63, 68, 59, 66, 67, 68, 64, 67, 71, 61, 61, 62, 63, 67, 70, 67, 65, 63, 62, 63, 66, 62, 63, 62, 64, 61, 54, 56, 60, 61, 57, 58, 65]
3,12/06/22,17:13:53,False,0
[65, 59, 68, 67, 66, 69, 68, 68, 61, 65, 66, 64, 65, 68, 66, 70, 62, 65, 68, 66, 67, 66, 70, 66, 63, 66, 68, 62, 66, 65, 68, 63, 65, 63, 67, 67, 66, 65, 65, 67, 61, 61, 63, 64, 68, 66, 64, 65, 60, 58, 61, 61, 61, 62, 64, 64, 60, 54, 59, 59, 63, 60, 54, 61]
3,12/06/22,17:14:13,False,0
[63, 62, 69, 65, 70, 69, 70, 69, 61, 61, 66, 63, 68, 70, 68, 68, 62, 63, 65, 65, 65, 65, 67, 67, 63, 64, 66, 64, 65, 65, 67, 64, 64, 61, 67, 65, 67, 65, 65, 71, 61, 60, 63, 63, 65, 68, 66, 63, 59, 58, 61, 59, 62, 57, 64, 60, 57, 54, 56, 59, 63, 60, 56, 59]
3,12/06/22,17:14:32,False,0
[65, 66, 68, 68, 69, 69, 70, 70, 63, 61, 66, 64, 66, 70, 69, 71, 66, 64, 67, 63, 64, 68, 65, 65, 64, 64, 67, 63, 68, 66, 65, 63, 65, 60, 68, 64, 65, 66, 66, 69, 61, 60, 62, 62, 64, 67, 64, 65, 59, 60, 65, 65, 65, 63, 65, 63, 59, 57, 56, 58, 64, 58, 62, 64]
3,12/06/22,17:14:52,False,0
[65, 62, 70, 66, 65, 73, 70, 71, 65, 61, 66, 64, 65, 68, 66, 71, 65, 62, 66, 64, 63, 66, 66, 65, 63, 67, 67, 66, 67, 64, 67, 67, 64, 64, 67, 64, 68, 69, 65, 67, 61, 61, 65, 64, 67, 67, 66, 65, 58, 59, 64, 66, 61, 63, 65, 62, 59, 55, 56, 60, 60, 59, 59, 64]
3,12/06/22,17:15:11,False,0
[62, 64, 70, 69, 69, 71, 71, 71, 65, 61, 67, 63, 69, 70, 68, 65, 63, 64, 69, 64, 64, 63, 68, 65, 64, 64, 67, 64, 68, 65, 68, 64, 65, 63, 66, 67, 67, 67, 64, 67, 60, 63, 67, 64, 67, 69, 66, 66, 58, 59, 63, 68, 64, 63, 65, 65, 59, 53, 56, 58, 62, 60, 58, 64]
3,12/06/22,17:15:31,False,0
[63, 62, 66, 67, 67, 71, 70, 69, 66, 64, 66, 62, 67, 72, 66, 71, 65, 64, 67, 68, 66, 64, 69, 66, 61, 63, 64, 62, 66, 64, 66, 64, 63, 62, 64, 68, 67, 67, 65, 70, 62, 62, 64, 62, 63, 66, 66, 63, 60, 58, 64, 66, 64, 61, 64, 60, 58, 51, 56, 55, 63, 59, 58, 58]
3,12/06/22,17:15:50,False,0
[62, 65, 70, 69, 69, 74, 69, 68, 65, 60, 66, 64, 67, 68, 65, 69, 64, 64, 64, 66, 64, 66, 68, 67, 59, 60, 68, 63, 66, 67, 67, 65, 65, 64, 66, 65, 66, 66, 61, 67, 62, 57, 63, 63, 67, 65, 67, 62, 59, 59, 63, 63, 66, 62, 64, 63, 64, 54, 58, 59, 63, 58, 59, 61]
3,12/06/22,17:16:10,False,0
[63, 63, 66, 68, 68, 71, 70, 68, 65, 62, 63, 62, 69, 72, 67, 68, 64, 66, 67, 63, 65, 67, 69, 66, 61, 63, 69, 64, 66, 63, 68, 64, 63, 63, 65, 67, 65, 65, 63, 67, 62, 60, 61, 63, 63, 69, 62, 63, 55, 57, 61, 64, 62, 63, 66, 63, 57, 55, 56, 59, 63, 58, 59, 66]
3,12/06/22,17:16:30,False,0
[66, 62, 69, 69, 68, 70, 72, 69, 64, 60, 64, 61, 66, 70, 67, 68, 62, 63, 66, 64, 63, 64, 66, 64, 64, 63, 66, 64, 64, 62, 64, 67, 64, 61, 68, 66, 66, 64, 66, 67, 60, 58, 63, 64, 66, 65, 66, 64, 55, 58, 62, 61, 63, 59, 66, 62, 62, 57, 58, 58, 66, 59, 59, 62]
3,12/06/22,17:16:49,False,0
[63, 64, 67, 67, 67, 71, 71, 72, 63, 60, 65, 64, 66, 71, 65, 68, 65, 64, 67, 65, 65, 66, 66, 66, 59, 64, 66, 65, 67, 64, 69, 65, 65, 63, 65, 65, 69, 66, 67, 68, 59, 58, 63, 62, 66, 70, 64, 62, 59, 61, 59, 63, 63, 63, 65, 60, 59, 51, 57, 57, 62, 60, 55, 60]
3,12/06/22,17:17:09,False,0
[65, 63, 65, 66, 67, 71, 69, 74, 66, 63, 67, 62, 67, 72, 66, 69, 63, 64, 68, 62, 66, 65, 69, 64, 61, 66, 66, 65, 66, 64, 66, 63, 63, 63, 69, 65, 66, 66, 67, 69, 59, 59, 63, 61, 67, 66, 66, 62, 58, 58, 64, 61, 64, 64, 64, 65, 56, 57, 56, 60, 62, 59, 58, 63]
3,12/06/22,17:17:28,False,0
[67, 64, 65, 66, 67, 69, 71, 73, 63, 60, 67, 60, 69, 67, 68, 68, 63, 64, 69, 65, 63, 66, 67, 67, 62, 66, 64, 60, 67, 65, 66, 64, 67, 62, 66, 64, 67, 66, 68, 67, 59, 62, 64, 64, 65, 65, 64, 58, 59, 59, 64, 63, 61, 60, 65, 62, 57, 58, 55, 62, 62, 60, 58, 66]
3,12/06/22,17:17:48,False,0
[66, 59, 67, 67, 65, 68, 71, 72, 62, 56, 64, 61, 65, 69, 66, 67, 64, 66, 67, 64, 65, 64, 67, 65, 61, 66, 68, 65, 69, 62, 68, 65, 66, 59, 68, 67, 67, 67, 65, 67, 61, 60, 64, 61, 65, 66, 62, 64, 58, 57, 64, 62, 61, 62, 65, 63, 61, 55, 57, 60, 61, 58, 55, 67]
3,12/06/22,17:18:07,False,0
[65, 65, 69, 68, 70, 71, 71, 72, 63, 58, 66, 63, 67, 73, 68, 70, 62, 63, 68, 63, 66, 67, 68, 64, 63, 64, 67, 65, 66, 65, 66, 66, 65, 58, 63, 67, 69, 66, 63, 70, 62, 61, 63, 61, 64, 67, 65, 63, 58, 60, 60, 65, 63, 63, 64, 61, 58, 57, 56, 58, 61, 59, 59, 63]
3,12/06/22,17:18:27,False,0
[65, 63, 68, 66, 66, 70, 69, 67, 64, 62, 67, 62, 68, 71, 65, 69, 62, 64, 67, 64, 63, 62, 66, 65, 62, 63, 67, 65, 65, 63, 65, 64, 62, 64, 65, 67, 68, 67, 67, 68, 58, 60, 64, 63, 66, 65, 67, 64, 59, 60, 65, 63, 65, 62, 63, 64, 59, 56, 56, 58, 63, 58, 58, 64]
3,12/06/22,17:18:46,False,0
[61, 65, 69, 67, 68, 70, 70, 69, 62, 61, 65, 62, 67, 70, 65, 69, 65, 65, 67, 65, 65, 64, 68, 66, 60, 63, 65, 64, 64, 63, 64, 65, 65, 62, 66, 63, 65, 67, 65, 69, 59, 60, 62, 64, 64, 67, 64, 64, 57, 59, 63, 61, 60, 59, 65, 62, 62, 54, 58, 60, 63, 56, 62, 62]
3,12/06/22,17:19:06,False,0
[63, 61, 64, 68, 67, 71, 72, 75, 61, 64, 66, 64, 68, 70, 66, 68, 61, 67, 64, 63, 63, 65, 66, 68, 61, 65, 67, 63, 66, 63, 66, 66, 65, 62, 67, 66, 67, 64, 66, 69, 62, 57, 62, 62, 67, 66, 64, 61, 59, 61, 65, 62, 63, 60, 63, 62, 58, 53, 57, 58, 63, 56, 58, 62]
3,12/06/22,17:19:26,False,0
[66, 62, 69, 68, 69, 70, 70, 72, 64, 62, 64, 63, 66, 68, 66, 68, 63, 64, 67, 63, 64, 64, 66, 67, 63, 64, 66, 65, 67, 64, 68, 65, 65, 62, 65, 66, 67, 64, 64, 67, 60, 58, 63, 60, 66, 67, 63, 64, 57, 59, 62, 63, 61, 59, 67, 65, 58, 51, 60, 60, 61, 59, 60, 65]
3,12/06/22,17:19:45,False,0
[63, 65, 69, 69, 70, 69, 69, 72, 62, 59, 64, 62, 66, 69, 65, 70, 65, 62, 65, 63, 64, 65, 68, 64, 60, 68, 64, 62, 68, 63, 68, 62, 65, 63, 65, 65, 65, 64, 64, 70, 63, 60, 62, 65, 63, 66, 64, 65, 62, 57, 58, 65, 65, 61, 65, 62, 56, 56, 54, 58, 63, 59, 58, 63]
3,12/06/22,17:20:05,False,0
[64, 62, 67, 65, 66, 70, 71, 76, 61, 61, 64, 61, 68, 68, 66, 69, 65, 64, 68, 64, 64, 63, 68, 66, 62, 63, 65, 63, 69, 64, 66, 65, 66, 60, 65, 64, 64, 67, 64, 69, 62, 59, 61, 64, 61, 65, 65, 66, 61, 56, 64, 61, 59, 60, 64, 61, 61, 55, 55, 58, 62, 58, 57, 66]
3,12/06/22,17:20:24,False,0
[64, 64, 68, 69, 70, 69, 70, 72, 62, 63, 67, 60, 66, 69, 65, 67, 62, 64, 68, 67, 66, 64, 68, 68, 62, 64, 66, 63, 66, 63, 66, 66, 64, 61, 67, 64, 67, 66, 66, 67, 61, 62, 64, 64, 63, 67, 64, 63, 59, 58, 62, 65, 61, 62, 65, 62, 63, 52, 58, 56, 59, 56, 59, 63]
3,12/06/22,17:20:44,False,0
[66, 61, 69, 66, 69, 70, 69, 68, 63, 59, 67, 63, 65, 68, 67, 69, 65, 63, 64, 62, 66, 63, 68, 65, 63, 66, 67, 66, 66, 65, 65, 68, 67, 63, 65, 64, 65, 66, 65, 68, 60, 58, 64, 61, 64, 62, 63, 63, 60, 60, 63, 64, 65, 64, 63, 63, 59, 52, 57, 53, 61, 52, 55, 59]
3,12/06/22,17:21:03,False,0
[62, 63, 66, 67, 67, 66, 69, 72, 61, 61, 62, 64, 67, 67, 63, 69, 63, 64, 70, 62, 63, 63, 69, 65, 60, 63, 65, 66, 67, 66, 66, 62, 63, 62, 64, 65, 66, 67, 65, 68, 62, 60, 66, 62, 65, 66, 65, 63, 59, 60, 65, 61, 67, 62, 65, 63, 58, 53, 58, 55, 62, 56, 56, 62]
3,12/06/22,17:22:02,False,0
[67, 66, 68, 65, 67, 72, 69, 72, 60, 61, 65, 64, 67, 67, 67, 69, 61, 65, 67, 66, 63, 61, 64, 66, 61, 63, 65, 65, 66, 61, 66, 61, 60, 64, 64, 65, 66, 65, 64, 66, 60, 60, 63, 63, 64, 65, 64, 63, 62, 56, 62, 61, 66, 59, 66, 63, 58, 52, 56, 56, 62, 56, 55, 63]
3,12/06/22,17:22:22,False,0
[62, 62, 69, 65, 69, 68, 68, 69, 65, 60, 63, 63, 63, 68, 67, 70, 63, 62, 67, 64, 64, 64, 67, 68, 61, 64, 64, 64, 64, 63, 66, 64, 65, 60, 67, 64, 66, 63, 62, 67, 64, 60, 64, 61, 63, 66, 64, 61, 59, 60, 62, 63, 62, 59, 66, 61, 58, 50, 54, 59, 59, 56, 59, 61]
3,12/06/22,17:22:41,False,0
[63, 64, 69, 66, 68, 71, 70, 70, 65, 59, 63, 60, 64, 70, 64, 66, 61, 65, 69, 64, 63, 65, 66, 66, 61, 63, 66, 63, 66, 61, 66, 64, 65, 62, 65, 65, 67, 65, 65, 65, 62, 58, 62, 63, 66, 65, 64, 61, 59, 59, 65, 59, 61, 61, 63, 64, 58, 53, 56, 56, 61, 56, 56, 66]
3,12/06/22,17:23:01,False,0
[64, 62, 68, 65, 68, 68, 67, 69, 65, 61, 65, 63, 67, 70, 64, 69, 64, 66, 67, 63, 62, 64, 68, 64, 58, 67, 65, 64, 64, 63, 64, 64, 62, 61, 65, 65, 66, 65, 67, 67, 58, 61, 60, 60, 65, 66, 65, 62, 58, 57, 63, 62, 65, 64, 63, 64, 55, 53, 55, 60, 60, 59, 57, 68]
3,12/06/22,17:23:20,False,0
[63, 65, 67, 66, 67, 70, 69, 71, 64, 60, 66, 61, 69, 67, 65, 67, 61, 61, 67, 63, 65, 65, 68, 66, 65, 62, 64, 60, 67, 64, 66, 63, 66, 62, 68, 63, 66, 65, 65, 68, 60, 58, 64, 62, 65, 66, 66, 59, 56, 58, 61, 62, 59, 63, 62, 62, 60, 53, 57, 55, 62, 56, 62, 63]
3,12/06/22,17:23:40,False,0
[61, 64, 69, 65, 68, 69, 71, 72, 60, 61, 64, 63, 65, 70, 63, 71, 62, 62, 68, 63, 65, 64, 64, 68, 61, 62, 65, 62, 63, 64, 63, 66, 67, 62, 65, 66, 66, 65, 61, 67, 58, 59, 62, 63, 63, 63, 65, 65, 59, 60, 60, 61, 62, 59, 66, 59, 58, 53, 55, 57, 60, 57, 60, 63]
3,12/06/22,17:23:59,False,0
[65, 64, 66, 67, 68, 71, 69, 68, 63, 63, 65, 64, 66, 67, 68, 66, 63, 67, 68, 66, 66, 65, 66, 65, 59, 65, 66, 63, 66, 65, 63, 66, 62, 65, 66, 63, 67, 66, 63, 67, 62, 61, 62, 62, 67, 67, 64, 62, 58, 57, 63, 62, 63, 60, 63, 63, 60, 54, 59, 56, 64, 56, 60, 65]
3,12/06/22,17:24:19,False,0
[66, 62, 65, 66, 69, 69, 69, 73, 62, 61, 67, 65, 67, 69, 65, 68, 64, 64, 66, 64, 63, 64, 67, 65, 58, 66, 66, 66, 66, 63, 63, 66, 64, 61, 67, 65, 62, 63, 64, 68, 59, 59, 61, 62, 66, 68, 63, 64, 55, 58, 64, 62, 61, 62, 64, 63, 56, 54, 58, 61, 62, 56, 55, 63]
3,12/06/22,17:24:39,False,0
[62, 63, 69, 68, 65, 71, 68, 70, 62, 62, 63, 64, 65, 69, 65, 70, 63, 66, 67, 64, 62, 65, 68, 65, 56, 67, 64, 66, 65, 65, 67, 64, 69, 62, 68, 65, 67, 65, 66, 67, 62, 59, 63, 62, 66, 66, 63, 62, 56, 59, 61, 59, 61, 63, 65, 62, 60, 50, 55, 57, 61, 57, 59, 64]
3,12/06/22,17:24:58,False,0
[65, 67, 65, 65, 66, 70, 70, 73, 62, 61, 65, 63, 66, 69, 66, 68, 63, 62, 66, 64, 64, 66, 68, 67, 60, 66, 68, 63, 66, 62, 64, 67, 65, 63, 66, 64, 66, 66, 65, 65, 64, 59, 65, 62, 66, 68, 67, 63, 56, 60, 61, 62, 61, 61, 66, 66, 54, 54, 60, 57, 65, 58, 57, 65]
3,12/06/22,17:25:18,False,0
[62, 65, 65, 68, 67, 68, 67, 72, 62, 61, 65, 65, 64, 67, 66, 68, 66, 64, 65, 65, 63, 62, 64, 63, 60, 67, 66, 61, 68, 62, 63, 65, 63, 62, 66, 64, 65, 65, 64, 67, 58, 60, 63, 59, 64, 66, 64, 62, 57, 56, 60, 62, 64, 62, 63, 60, 60, 53, 59, 59, 59, 59, 58, 65]
3,12/06/22,17:25:37,False,0
[67, 64, 68, 67, 66, 71, 70, 71, 62, 64, 67, 61, 65, 67, 67, 68, 58, 64, 68, 64, 62, 63, 65, 63, 62, 64, 65, 62, 67, 65, 66, 64, 63, 63, 64, 66, 65, 65, 65, 69, 60, 55, 65, 62, 63, 66, 65, 61, 59, 57, 63, 63, 60, 62, 63, 64, 63, 53, 56, 55, 60, 55, 63, 65]
3,12/06/22,17:25:57,False,0
[63, 63, 70, 68, 67, 70, 69, 71, 62, 62, 66, 62, 68, 68, 64, 69, 59, 63, 67, 64, 63, 63, 63, 64, 61, 65, 63, 61, 66, 61, 65, 64, 62, 63, 65, 63, 64, 63, 63, 64, 59, 61, 64, 61, 64, 64, 64, 62, 58, 58, 65, 61, 61, 63, 63, 62, 60, 51, 58, 58, 59, 59, 57, 65]
3,12/06/22,17:26:16,False,0
[66, 66, 69, 67, 64, 72, 69, 73, 62, 58, 63, 62, 66, 68, 65, 68, 66, 64, 66, 63, 63, 61, 66, 63, 62, 64, 65, 62, 67, 63, 65, 64, 62, 62, 67, 63, 65, 63, 64, 67, 59, 59, 64, 60, 63, 67, 65, 62, 56, 56, 61, 61, 64, 61, 64, 65, 58, 54, 55, 59, 59, 55, 59, 66]
3,12/06/22,17:26:36,False,0
[64, 64, 67, 66, 67, 70, 70, 71, 61, 59, 66, 62, 68, 68, 65, 65, 64, 64, 68, 66, 67, 65, 68, 65, 62, 65, 65, 63, 67, 64, 64, 66, 64, 60, 65, 63, 67, 66, 64, 69, 61, 60, 61, 64, 65, 67, 65, 62, 58, 59, 63, 62, 62, 63, 63, 64, 60, 54, 56, 57, 61, 56, 59, 66]
3,12/06/22,17:26:55,False,0
[61, 65, 69, 66, 68, 70, 68, 69, 63, 61, 64, 61, 67, 68, 64, 67, 66, 64, 67, 63, 65, 64, 65, 63, 65, 64, 65, 61, 64, 62, 66, 64, 67, 65, 66, 65, 68, 64, 64, 66, 62, 61, 62, 62, 64, 65, 67, 62, 57, 61, 60, 62, 63, 59, 64, 60, 60, 58, 55, 52, 60, 54, 57, 66]
3,12/06/22,17:27:15,False,0
[63, 65, 67, 68, 70, 70, 71, 70, 62, 61, 63, 63, 65, 71, 66, 68, 65, 64, 65, 64, 65, 64, 67, 64, 58, 65, 65, 65, 66, 64, 64, 67, 65, 63, 67, 64, 64, 66, 64, 67, 62, 62, 63, 61, 63, 66, 65, 64, 59, 58, 63, 63, 63, 61, 61, 63, 58, 56, 55, 59, 62, 58, 59, 65]
3,12/06/22,17:27:35,False,0
[61, 63, 67, 66, 65, 71, 70, 70, 59, 61, 65, 62, 64, 69, 65, 67, 63, 67, 64, 63, 61, 63, 64, 64, 61, 64, 68, 64, 67, 64, 62, 65, 68, 61, 68, 65, 65, 65, 65, 66, 61, 57, 64, 61, 66, 67, 64, 60, 56, 56, 62, 62, 59, 61, 65, 60, 55, 57, 55, 58, 57, 56, 58, 63]
3,12/06/22,17:27:54,False,0
[65, 65, 66, 66, 64, 68, 70, 69, 63, 58, 67, 62, 67, 69, 64, 68, 64, 65, 66, 63, 64, 64, 67, 67, 60, 65, 65, 63, 67, 62, 67, 62, 63, 60, 66, 64, 65, 64, 64, 67, 63, 62, 64, 61, 63, 67, 63, 58, 62, 57, 63, 61, 62, 61, 63, 59, 58, 51, 58, 59, 62, 57, 55, 62]
3,12/06/22,17:28:14,False,0
[62, 62, 68, 65, 67, 69, 69, 74, 66, 62, 64, 64, 66, 67, 65, 66, 63, 66, 65, 63, 64, 65, 65, 66, 59, 64, 66, 63, 66, 63, 66, 67, 62, 63, 66, 65, 69, 66, 64, 66, 61, 58, 65, 63, 64, 67, 66, 63, 60, 55, 62, 65, 60, 60, 62, 59, 58, 53, 54, 59, 64, 55, 58, 65]
3,12/06/22,17:28:33,False,0
[61, 64, 68, 67, 69, 70, 69, 72, 61, 63, 66, 63, 65, 67, 65, 70, 61, 61, 66, 64, 61, 64, 68, 64, 61, 65, 63, 64, 66, 63, 66, 65, 63, 61, 65, 65, 66, 64, 64, 68, 59, 58, 62, 61, 61, 65, 63, 59, 56, 62, 61, 62, 60, 62, 64, 61, 54, 49, 57, 56, 58, 56, 59, 65]
3,12/06/22,17:28:53,False,0
[64, 63, 67, 67, 68, 72, 67, 69, 65, 61, 64, 63, 65, 68, 65, 69, 62, 61, 67, 63, 64, 62, 67, 64, 63, 66, 64, 64, 65, 63, 64, 62, 63, 59, 64, 62, 66, 65, 65, 68, 61, 60, 64, 65, 62, 68, 63, 63, 57, 56, 62, 61, 64, 60, 64, 61, 57, 52, 53, 57, 58, 54, 56, 62]
3,12/06/22,17:29:12,False,0
[63, 63, 65, 66, 68, 69, 70, 70, 62, 61, 68, 63, 66, 68, 64, 68, 62, 63, 65, 65, 62, 64, 65, 63, 60, 61, 64, 64, 64, 65, 64, 64, 64, 60, 66, 66, 64, 64, 64, 67, 59, 58, 62, 61, 62, 66, 63, 60, 56, 55, 63, 62, 62, 60, 69, 64, 61, 53, 56, 59, 60, 58, 59, 62]
3,12/06/22,17:29:32,False,0
[64, 65, 66, 67, 70, 66, 70, 69, 66, 61, 67, 63, 68, 69, 67, 66, 62, 63, 65, 64, 61, 63, 67, 63, 60, 64, 66, 62, 65, 62, 63, 64, 63, 61, 64, 63, 63, 65, 65, 68, 60, 58, 61, 64, 64, 68, 65, 63, 55, 57, 62, 63, 61, 62, 62, 61, 59, 54, 56, 56, 58, 57, 58, 63]
3,12/06/22,17:29:52,False,0
[61, 64, 68, 66, 67, 71, 71, 70, 64, 59, 64, 64, 67, 67, 65, 69, 61, 62, 63, 64, 63, 62, 65, 65, 63, 64, 65, 62, 66, 61, 67, 64, 65, 61, 65, 63, 65, 64, 63, 66, 60, 61, 62, 64, 62, 68, 62, 61, 55, 61, 62, 60, 62, 58, 67, 59, 57, 53, 55, 55, 59, 56, 63, 64]
3,12/06/22,17:30:31,False,0
[64, 61, 68, 67, 64, 69, 70, 69, 66, 59, 66, 63, 65, 69, 65, 67, 62, 62, 67, 63, 64, 65, 65, 67, 61, 65, 67, 66, 67, 62, 68, 65, 65, 61, 66, 64, 66, 66, 62, 66, 59, 58, 63, 61, 64, 66, 62, 62, 56, 60, 61, 62, 60, 60, 64, 60, 57, 53, 53, 57, 55, 57, 58, 64]
3,12/06/22,17:30:50,False,0
[60, 64, 68, 66, 67, 66, 69, 68, 66, 60, 66, 63, 63, 67, 63, 67, 63, 63, 67, 65, 62, 63, 65, 64, 61, 66, 67, 65, 66, 63, 66, 63, 65, 60, 67, 63, 65, 65, 66, 65, 58, 60, 65, 62, 63, 66, 64, 60, 59, 58, 64, 65, 59, 58, 63, 65, 57, 51, 58, 54, 61, 57, 57, 61]
3,12/06/22,17:31:10,False,0
[65, 61, 67, 65, 67, 72, 68, 67, 61, 62, 65, 65, 68, 71, 66, 68, 63, 61, 63, 62, 63, 64, 68, 66, 59, 67, 66, 67, 66, 64, 64, 64, 64, 63, 63, 67, 66, 65, 66, 69, 62, 61, 65, 62, 64, 66, 64, 65, 59, 63, 60, 61, 62, 60, 64, 62, 60, 57, 54, 61, 58, 59, 62, 61]
3,12/06/22,17:31:29,False,0
[66, 63, 65, 69, 66, 69, 67, 69, 62, 61, 62, 62, 68, 66, 64, 68, 66, 63, 67, 63, 63, 65, 68, 67, 61, 65, 67, 64, 64, 61, 65, 63, 67, 62, 65, 66, 66, 63, 63, 69, 60, 61, 62, 59, 63, 65, 62, 61, 60, 57, 61, 61, 60, 62, 62, 64, 56, 55, 56, 58, 59, 55, 57, 63]
3,12/06/22,17:31:49,False,0
[62, 63, 67, 64, 66, 70, 71, 71, 61, 62, 65, 62, 66, 68, 66, 65, 65, 65, 67, 63, 64, 62, 66, 63, 60, 66, 66, 62, 65, 63, 65, 65, 61, 64, 65, 66, 66, 66, 67, 65, 58, 57, 62, 62, 65, 63, 64, 60, 57, 60, 64, 64, 62, 62, 61, 62, 57, 54, 56, 56, 60, 55, 61, 62]
3,12/06/22,17:32:08,False,0
[64, 63, 67, 63, 64, 71, 68, 73, 62, 60, 64, 61, 65, 67, 67, 69, 61, 65, 65, 63, 61, 66, 64, 66, 61, 64, 67, 61, 66, 64, 65, 65, 64, 60, 63, 66, 65, 64, 63, 66, 60, 59, 62, 62, 64, 62, 61, 64, 58, 59, 61, 66, 61, 60, 63, 59, 57, 53, 53, 56, 59, 60, 57, 65]
3,12/06/22,17:32:28,False,0
[65, 62, 64, 65, 66, 70, 70, 71, 65, 61, 65, 61, 66, 65, 67, 68, 64, 61, 68, 63, 66, 62, 68, 62, 58, 64, 63, 63, 65, 64, 64, 61, 63, 61, 65, 63, 67, 64, 64, 68, 60, 58, 62, 62, 63, 67, 65, 62, 58, 56, 62, 64, 62, 62, 65, 65, 60, 51, 54, 58, 60, 59, 53, 64]
3,12/06/22,17:32:48,False,0
[61, 64, 68, 65, 65, 71, 68, 69, 62, 64, 64, 61, 65, 70, 65, 68, 62, 65, 66, 61, 63, 66, 66, 64, 62, 64, 67, 62, 66, 62, 65, 66, 63, 62, 65, 61, 65, 65, 63, 66, 60, 62, 63, 63, 63, 66, 62, 62, 60, 59, 63, 62, 62, 61, 63, 61, 56, 53, 56, 59, 59, 52, 58, 62]
3,12/06/22,17:33:07,False,0
[60, 61, 66, 67, 67, 70, 68, 70, 59, 60, 65, 65, 65, 68, 61, 67, 64, 63, 65, 63, 65, 62, 66, 64, 61, 62, 66, 63, 62, 63, 64, 64, 63, 61, 62, 65, 64, 64, 60, 68, 61, 59, 63, 58, 61, 66, 65, 63, 56, 59, 58, 62, 59, 59, 60, 58, 61, 50, 54, 56, 60, 56, 56, 61]
3,12/06/22,17:33:27,False,0
[63, 63, 67, 66, 68, 70, 71, 71, 64, 60, 65, 60, 65, 69, 63, 66, 62, 64, 67, 63, 63, 63, 64, 65, 61, 62, 66, 63, 66, 63, 66, 64, 65, 61, 64, 65, 65, 67, 63, 65, 60, 60, 61, 61, 63, 65, 66, 62, 57, 59, 61, 62, 63, 61, 62, 62, 57, 55, 57, 60, 64, 57, 57, 65]
3,12/06/22,17:33:46,False,0
[64, 62, 66, 68, 67, 69, 68, 69, 61, 62, 66, 63, 67, 69, 65, 68, 65, 64, 66, 63, 65, 63, 66, 64, 61, 61, 63, 63, 65, 64, 68, 62, 62, 64, 64, 62, 65, 63, 64, 69, 56, 57, 63, 63, 63, 65, 66, 61, 57, 60, 62, 62, 62, 60, 63, 62, 57, 51, 59, 57, 62, 57, 55, 64]
3,12/06/22,17:34:06,False,0
[64, 63, 65, 68, 66, 69, 72, 70, 65, 63, 65, 62, 66, 67, 62, 68, 63, 65, 66, 64, 65, 64, 68, 63, 56, 65, 65, 62, 63, 63, 67, 65, 66, 63, 64, 64, 66, 62, 65, 68, 61, 60, 63, 60, 62, 64, 64, 62, 54, 60, 59, 63, 62, 62, 63, 62, 56, 49, 55, 59, 59, 58, 55, 60]
3,12/06/22,17:34:25,False,0
[65, 64, 67, 66, 67, 72, 70, 69, 62, 61, 65, 61, 66, 68, 67, 70, 66, 64, 66, 63, 65, 64, 67, 65, 59, 62, 68, 65, 64, 61, 64, 63, 63, 60, 66, 64, 65, 64, 64, 69, 58, 61, 62, 62, 64, 65, 63, 61, 57, 56, 65, 62, 62, 62, 62, 61, 58, 55, 55, 58, 59, 59, 58, 60]
3,12/06/22,17:34:45,False,0
[64, 62, 66, 65, 67, 71, 68, 70, 64, 62, 64, 61, 66, 68, 67, 66, 63, 60, 68, 62, 65, 62, 66, 63, 60, 62, 63, 62, 65, 62, 66, 64, 62, 63, 64, 65, 63, 68, 64, 67, 57, 56, 60, 60, 64, 64, 63, 59, 58, 59, 60, 61, 58, 59, 60, 60, 60, 53, 56, 55, 63, 60, 58, 63]
3,12/06/22,17:35:05,False,0
[63, 66, 69, 68, 68, 70, 67, 68, 63, 60, 68, 62, 66, 69, 66, 67, 60, 64, 65, 63, 62, 65, 66, 63, 57, 64, 66, 61, 63, 61, 67, 60, 64, 62, 64, 65, 65, 65, 66, 69, 59, 62, 64, 62, 66, 68, 66, 63, 60, 58, 61, 63, 59, 60, 63, 59, 58, 53, 59, 55, 59, 58, 59, 65]
3,12/06/22,17:35:24,False,0
[61, 62, 70, 66, 67, 70, 68, 69, 62, 60, 65, 61, 65, 68, 66, 69, 64, 64, 64, 60, 66, 64, 69, 64, 60, 63, 67, 64, 65, 62, 65, 62, 63, 61, 67, 62, 64, 63, 65, 67, 59, 62, 63, 61, 64, 66, 64, 61, 59, 58, 64, 62, 61, 60, 60, 60, 55, 52, 54, 55, 57, 56, 58, 65]
3,12/06/22,17:35:44,False,0
[63, 62, 67, 65, 68, 68, 67, 69, 62, 62, 66, 64, 66, 71, 63, 66, 64, 66, 66, 62, 62, 62, 68, 63, 63, 65, 66, 62, 63, 65, 63, 66, 61, 63, 68, 64, 67, 63, 62, 67, 61, 59, 61, 62, 63, 64, 60, 61, 62, 57, 63, 62, 62, 59, 65, 59, 59, 53, 56, 58, 60, 56, 57, 61]
3,12/06/22,17:36:03,False,0
[63, 63, 68, 68, 65, 69, 68, 69, 59, 59, 64, 63, 65, 67, 66, 69, 60, 61, 68, 64, 61, 62, 66, 65, 59, 62, 66, 64, 68, 62, 65, 61, 67, 60, 64, 63, 66, 61, 64, 65, 60, 61, 62, 64, 66, 65, 64, 61, 56, 58, 63, 62, 59, 62, 63, 62, 59, 56, 56, 58, 61, 57, 56, 63]
3,12/06/22,17:36:23,False,0
[66, 65, 68, 65, 69, 71, 68, 70, 58, 60, 64, 63, 65, 67, 65, 68, 62, 66, 65, 64, 63, 63, 66, 65, 60, 64, 64, 63, 63, 63, 64, 64, 64, 60, 64, 61, 65, 63, 63, 65, 62, 56, 63, 61, 62, 66, 64, 61, 57, 59, 64, 63, 61, 60, 62, 59, 53, 55, 57, 58, 61, 56, 55, 63]
3,12/06/22,17:36:42,False,0
[63, 63, 68, 65, 67, 70, 70, 68, 63, 59, 63, 62, 66, 69, 67, 67, 62, 61, 64, 61, 65, 64, 65, 64, 63, 62, 64, 63, 67, 64, 66, 62, 64, 61, 65, 64, 65, 63, 63, 66, 58, 58, 65, 64, 63, 62, 62, 59, 57, 59, 62, 61, 62, 58, 62, 58, 58, 53, 56, 57, 59, 54, 57, 63]
3,12/06/22,17:37:02,False,0
[62, 62, 67, 66, 66, 69, 67, 70, 66, 60, 68, 61, 65, 66, 63, 66, 62, 62, 64, 63, 65, 62, 66, 63, 60, 62, 65, 60, 65, 61, 61, 66, 62, 64, 66, 62, 65, 67, 63, 65, 60, 59, 62, 63, 65, 65, 64, 61, 58, 61, 63, 63, 63, 61, 66, 62, 59, 53, 56, 55, 61, 56, 55, 62]
3,12/06/22,17:37:21,False,0
[63, 64, 69, 67, 66, 69, 69, 72, 64, 61, 65, 64, 66, 67, 64, 68, 62, 64, 67, 63, 63, 63, 65, 66, 61, 63, 65, 63, 64, 61, 65, 61, 65, 61, 64, 65, 65, 65, 65, 66, 63, 59, 64, 61, 64, 61, 64, 62, 56, 59, 62, 63, 60, 60, 63, 62, 57, 52, 56, 59, 59, 54, 60, 60]
3,12/06/22,17:38:01,False,0
[62, 60, 68, 63, 67, 68, 68, 72, 63, 60, 62, 60, 64, 66, 63, 66, 63, 63, 65, 62, 61, 63, 66, 62, 59, 65, 64, 62, 65, 61, 62, 64, 63, 60, 66, 65, 62, 65, 66, 66, 59, 58, 65, 61, 63, 65, 65, 60, 57, 57, 63, 62, 60, 59, 61, 59, 55, 52, 55, 56, 61, 59, 55, 61]
3,12/06/22,17:38:20,False,0
[66, 61, 70, 66, 66, 69, 66, 65, 62, 60, 65, 60, 65, 68, 65, 70, 62, 65, 64, 65, 64, 63, 62, 65, 59, 63, 65, 63, 65, 60, 66, 63, 65, 61, 65, 64, 64, 65, 63, 68, 64, 61, 59, 62, 65, 66, 62, 62, 57, 61, 63, 63, 61, 60, 63, 62, 59, 51, 60, 58, 60, 58, 57, 60]
3,12/06/22,17:38:40,False,0
[63, 65, 70, 66, 66, 68, 69, 68, 63, 60, 63, 62, 64, 66, 64, 69, 62, 62, 63, 61, 64, 60, 65, 63, 59, 62, 64, 62, 66, 61, 67, 63, 66, 62, 67, 62, 64, 65, 63, 65, 57, 60, 59, 60, 63, 64, 62, 64, 59, 57, 64, 62, 60, 61, 63, 62, 55, 54, 53, 57, 55, 55, 55, 62]
3,12/06/22,17:38:59,False,0
[65, 64, 66, 69, 64, 70, 68, 70, 64, 59, 65, 64, 66, 68, 65, 66, 63, 63, 67, 66, 63, 63, 63, 64, 61, 62, 65, 62, 66, 64, 64, 66, 63, 61, 65, 62, 65, 64, 64, 64, 60, 59, 63, 61, 62, 66, 65, 63, 59, 60, 62, 63, 61, 61, 64, 62, 60, 53, 58, 59, 59, 59, 59, 63]
3,12/06/22,17:39:19,False,0
[61, 64, 67, 66, 65, 69, 68, 69, 63, 63, 67, 62, 64, 69, 63, 67, 62, 64, 67, 63, 62, 61, 67, 60, 56, 63, 66, 62, 64, 62, 64, 63, 64, 59, 64, 62, 65, 62, 64, 67, 57, 59, 60, 60, 63, 63, 62, 60, 55, 58, 62, 60, 61, 62, 61, 61, 58, 54, 55, 54, 59, 58, 56, 63]
3,12/06/22,17:39:38,False,0
[64, 63, 68, 66, 68, 69, 68, 72, 62, 59, 66, 61, 66, 67, 63, 67, 61, 61, 66, 62, 65, 65, 65, 64, 60, 65, 66, 64, 64, 62, 64, 63, 65, 61, 67, 64, 69, 62, 67, 64, 59, 61, 61, 63, 63, 65, 61, 64, 60, 59, 58, 60, 63, 60, 62, 58, 58, 51, 56, 57, 58, 55, 52, 62]
3,12/06/22,17:39:58,False,0
[64, 62, 64, 68, 66, 70, 70, 72, 61, 58, 63, 61, 61, 67, 65, 64, 65, 64, 67, 64, 63, 60, 65, 63, 61, 62, 66, 62, 65, 60, 62, 63, 64, 61, 64, 65, 63, 65, 64, 66, 63, 59, 62, 62, 64, 64, 64, 62, 56, 59, 61, 60, 59, 62, 65, 62, 58, 56, 53, 56, 59, 55, 55, 62]
3,12/06/22,17:40:18,False,0
[64, 62, 63, 66, 66, 68, 66, 71, 62, 59, 64, 59, 66, 70, 64, 68, 62, 63, 66, 63, 63, 60, 67, 62, 61, 63, 64, 64, 63, 60, 64, 64, 62, 62, 64, 62, 66, 65, 63, 67, 62, 59, 62, 63, 65, 66, 63, 61, 56, 57, 59, 62, 60, 59, 62, 60, 61, 55, 56, 57, 60, 55, 60, 62]
3,12/06/22,17:40:37,False,0
[67, 63, 67, 65, 62, 69, 68, 67, 66, 61, 66, 63, 66, 68, 62, 69, 63, 63, 66, 65, 62, 62, 66, 65, 59, 65, 64, 63, 65, 61, 63, 63, 62, 60, 65, 65, 64, 65, 62, 65, 60, 56, 60, 61, 61, 64, 63, 65, 57, 60, 63, 62, 62, 60, 65, 61, 57, 57, 59, 55, 61, 57, 57, 63]
3,12/06/22,17:40:57,False,0
[65, 61, 67, 66, 64, 66, 67, 69, 61, 59, 65, 61, 66, 66, 68, 67, 61, 65, 67, 65, 62, 62, 66, 62, 62, 63, 65, 64, 67, 60, 64, 65, 64, 59, 63, 63, 66, 64, 64, 61, 62, 61, 65, 61, 63, 65, 60, 63, 58, 54, 62, 63, 57, 60, 61, 59, 51, 50, 57, 60, 62, 58, 56, 60]
3,12/06/22,17:41:16,False,0
[63, 62, 66, 64, 64, 70, 69, 69, 61, 60, 64, 62, 67, 67, 66, 67, 63, 62, 66, 62, 64, 63, 65, 65, 58, 62, 66, 63, 64, 62, 66, 62, 65, 63, 67, 64, 65, 66, 63, 66, 57, 60, 62, 57, 64, 61, 65, 62, 53, 59, 59, 64, 61, 59, 65, 63, 58, 53, 54, 61, 63, 53, 56, 62]
3,12/06/22,17:41:36,False,0
[63, 61, 67, 67, 66, 69, 69, 69, 62, 60, 64, 63, 63, 67, 64, 70, 65, 63, 68, 64, 63, 63, 68, 64, 60, 63, 69, 60, 65, 62, 66, 63, 66, 63, 63, 63, 66, 64, 65, 65, 60, 58, 63, 61, 63, 66, 62, 62, 55, 57, 62, 62, 64, 59, 62, 61, 62, 53, 54, 54, 64, 56, 55, 61]
3,12/06/22,17:41:55,False,0
[64, 64, 69, 68, 63, 70, 67, 72, 63, 58, 63, 61, 66, 66, 63, 69, 63, 61, 65, 63, 65, 63, 65, 66, 60, 61, 64, 62, 64, 62, 63, 64, 62, 58, 64, 65, 64, 64, 63, 69, 59, 59, 63, 60, 65, 64, 64, 61, 56, 58, 62, 59, 64, 58, 61, 60, 57, 54, 55, 57, 61, 55, 52, 60]
3,12/06/22,17:42:15,False,0
[61, 62, 67, 66, 69, 69, 68, 69, 62, 61, 63, 63, 68, 69, 63, 67, 61, 61, 64, 59, 64, 60, 65, 64, 62, 63, 64, 63, 65, 63, 63, 65, 64, 61, 65, 63, 64, 63, 64, 66, 60, 59, 61, 59, 63, 64, 63, 59, 57, 58, 62, 61, 61, 57, 62, 61, 57, 53, 59, 54, 59, 57, 59, 62]
3,12/06/22,17:42:34,False,0
[64, 61, 68, 67, 67, 67, 67, 67, 60, 58, 64, 57, 66, 68, 64, 68, 64, 62, 66, 63, 65, 62, 67, 63, 62, 63, 65, 65, 66, 59, 64, 64, 63, 61, 64, 61, 65, 63, 62, 66, 59, 56, 62, 62, 61, 63, 62, 62, 58, 58, 62, 58, 57, 59, 63, 61, 62, 55, 59, 57, 58, 57, 57, 64]
3,12/06/22,17:42:54,False,0
[65, 64, 67, 64, 66, 71, 71, 70, 62, 59, 65, 60, 66, 64, 65, 64, 62, 63, 68, 65, 63, 62, 66, 63, 59, 61, 64, 62, 63, 61, 64, 61, 62, 59, 66, 63, 64, 64, 64, 66, 60, 60, 62, 61, 62, 65, 62, 63, 57, 57, 62, 63, 58, 58, 61, 61, 55, 54, 55, 55, 63, 55, 55, 64]
3,12/06/22,17:43:33,False,0
[62, 62, 66, 67, 65, 66, 68, 70, 60, 61, 66, 60, 66, 69, 64, 64, 58, 63, 65, 62, 62, 65, 65, 64, 61, 64, 64, 63, 64, 63, 63, 64, 64, 61, 65, 62, 64, 62, 64, 65, 61, 57, 62, 60, 60, 65, 62, 60, 59, 59, 61, 60, 61, 58, 61, 63, 54, 49, 54, 58, 59, 54, 58, 60]
3,12/06/22,17:43:53,False,0
[62, 64, 67, 65, 66, 69, 68, 68, 60, 59, 64, 61, 65, 67, 64, 66, 65, 63, 63, 64, 63, 64, 67, 63, 58, 66, 63, 60, 64, 64, 63, 65, 63, 60, 63, 63, 65, 64, 64, 64, 60, 58, 64, 61, 63, 68, 61, 60, 55, 58, 61, 62, 62, 59, 63, 64, 54, 52, 58, 55, 60, 55, 59, 61]
3,12/06/22,17:44:12,False,0
[62, 66, 67, 67, 65, 68, 69, 68, 60, 62, 63, 59, 64, 68, 66, 66, 62, 62, 68, 61, 61, 63, 66, 62, 60, 63, 67, 65, 65, 63, 66, 66, 65, 60, 65, 63, 64, 62, 66, 67, 58, 59, 62, 63, 65, 67, 65, 62, 57, 59, 61, 60, 59, 58, 63, 59, 56, 51, 55, 60, 57, 52, 58, 62]
3,12/06/22,17:44:32,False,0
[65, 61, 66, 66, 65, 70, 68, 69, 60, 60, 63, 63, 66, 69, 64, 66, 62, 62, 65, 63, 63, 64, 66, 67, 62, 63, 65, 62, 63, 59, 65, 61, 66, 60, 65, 64, 64, 64, 66, 65, 59, 58, 62, 60, 62, 65, 63, 62, 57, 56, 60, 62, 60, 60, 62, 59, 54, 54, 57, 58, 59, 55, 57, 64]
3,12/06/22,17:44:51,False,0
[67, 62, 66, 67, 66, 66, 66, 68, 61, 60, 63, 61, 66, 68, 64, 65, 60, 65, 65, 62, 65, 63, 65, 64, 60, 64, 65, 62, 63, 63, 63, 65, 65, 62, 65, 64, 66, 63, 64, 67, 59, 58, 63, 62, 64, 65, 61, 62, 57, 60, 60, 62, 60, 61, 64, 65, 60, 53, 59, 54, 59, 57, 56, 62]
3,12/06/22,17:45:11,False,0
[63, 62, 66, 67, 65, 67, 68, 69, 63, 60, 65, 63, 64, 68, 64, 66, 61, 64, 65, 64, 63, 63, 65, 66, 62, 62, 67, 64, 63, 60, 64, 64, 64, 62, 64, 64, 65, 67, 63, 68, 60, 56, 65, 63, 61, 64, 62, 58, 61, 57, 60, 63, 61, 61, 63, 62, 57, 53, 53, 57, 64, 56, 56, 62]
3,12/06/22,17:45:31,False,0
[64, 65, 69, 65, 66, 69, 68, 74, 62, 62, 65, 59, 66, 68, 66, 68, 64, 65, 65, 61, 64, 62, 67, 65, 58, 63, 66, 64, 65, 60, 64, 63, 65, 60, 66, 64, 66, 63, 63, 68, 61, 59, 62, 61, 63, 66, 62, 66, 56, 57, 62, 62, 63, 60, 62, 65, 54, 55, 54, 53, 64, 54, 55, 62]
3,12/06/22,17:45:50,False,0
[61, 66, 67, 63, 66, 67, 67, 69, 63, 60, 65, 62, 64, 66, 64, 65, 62, 63, 63, 63, 66, 62, 63, 65, 63, 62, 65, 63, 66, 62, 65, 62, 63, 62, 66, 66, 65, 67, 64, 62, 63, 63, 61, 64, 63, 64, 61, 63, 56, 58, 62, 61, 61, 59, 64, 64, 57, 53, 57, 57, 59, 57, 55, 62]
3,12/06/22,17:46:10,False,0
[63, 60, 67, 65, 65, 71, 69, 68, 61, 59, 64, 60, 64, 68, 63, 66, 62, 65, 65, 61, 64, 63, 63, 65, 62, 64, 64, 63, 62, 62, 62, 65, 64, 61, 64, 62, 62, 63, 63, 66, 62, 60, 63, 62, 63, 65, 63, 62, 58, 60, 59, 63, 63, 58, 65, 65, 57, 51, 53, 56, 58, 55, 57, 62]
3,12/06/22,17:46:29,False,0
[64, 62, 70, 63, 68, 70, 70, 70, 61, 61, 63, 62, 65, 66, 65, 69, 63, 62, 64, 62, 63, 62, 67, 63, 59, 61, 64, 63, 64, 63, 64, 66, 66, 62, 68, 62, 65, 65, 63, 66, 60, 59, 64, 61, 63, 66, 62, 60, 57, 58, 59, 63, 63, 60, 63, 61, 57, 53, 58, 56, 58, 54, 58, 63]
3,12/06/22,17:46:49,False,0
[63, 62, 67, 64, 64, 67, 68, 67, 63, 60, 67, 62, 64, 67, 65, 67, 65, 61, 63, 62, 64, 63, 64, 63, 60, 61, 64, 62, 63, 62, 65, 63, 63, 61, 65, 65, 64, 64, 64, 67, 62, 58, 62, 62, 63, 65, 64, 61, 58, 60, 60, 61, 62, 58, 61, 59, 60, 53, 56, 57, 58, 53, 57, 63]
3,12/06/22,17:47:08,False,0
[64, 62, 68, 65, 66, 69, 67, 69, 63, 60, 63, 64, 64, 67, 64, 68, 62, 66, 64, 65, 62, 62, 64, 64, 61, 62, 64, 62, 62, 61, 66, 63, 63, 62, 65, 63, 65, 65, 65, 66, 61, 58, 64, 59, 64, 62, 63, 62, 59, 59, 61, 60, 61, 57, 65, 63, 59, 51, 55, 56, 55, 54, 56, 61]
3,12/06/22,17:47:28,False,0
[64, 62, 65, 71, 64, 68, 68, 70, 63, 60, 64, 61, 64, 67, 65, 64, 64, 65, 66, 61, 64, 64, 66, 65, 61, 65, 64, 61, 65, 60, 65, 62, 62, 61, 66, 64, 62, 66, 64, 68, 59, 59, 63, 62, 63, 64, 62, 61, 58, 56, 61, 62, 59, 58, 63, 60, 55, 55, 54, 57, 60, 54, 58, 60]
3,12/06/22,17:47:47,False,0
[63, 60, 66, 65, 62, 67, 69, 67, 61, 59, 61, 59, 63, 65, 64, 66, 61, 64, 68, 60, 62, 62, 64, 64, 61, 62, 61, 63, 65, 59, 64, 60, 66, 61, 65, 64, 64, 64, 63, 67, 57, 59, 64, 61, 64, 64, 64, 63, 57, 56, 60, 63, 58, 58, 63, 61, 57, 54, 54, 55, 59, 56, 55, 62]
3,12/06/22,17:48:07,False,0
[62, 66, 65, 66, 68, 70, 68, 68, 61, 60, 62, 62, 64, 68, 65, 66, 60, 63, 62, 63, 64, 64, 68, 66, 65, 61, 64, 61, 62, 60, 64, 67, 64, 62, 66, 65, 65, 64, 65, 67, 59, 58, 62, 61, 63, 63, 64, 60, 56, 59, 63, 61, 61, 57, 60, 62, 57, 49, 57, 56, 56, 54, 55, 62]
3,12/06/22,17:48:27,False,0
[62, 61, 66, 65, 67, 70, 69, 70, 61, 61, 66, 62, 64, 66, 63, 68, 61, 63, 66, 65, 62, 62, 67, 63, 59, 62, 65, 62, 65, 61, 65, 64, 63, 62, 64, 63, 62, 65, 62, 66, 59, 57, 63, 63, 62, 65, 63, 64, 53, 57, 62, 62, 61, 62, 61, 60, 54, 54, 55, 58, 58, 54, 52, 60]
3,12/06/22,17:48:46,False,0
[66, 63, 66, 66, 65, 68, 69, 69, 59, 63, 64, 61, 65, 67, 62, 66, 60, 63, 63, 63, 61, 62, 65, 62, 61, 64, 65, 64, 64, 62, 66, 67, 66, 63, 64, 65, 64, 62, 65, 66, 61, 58, 63, 61, 61, 63, 60, 62, 57, 61, 61, 61, 60, 60, 63, 61, 54, 50, 52, 55, 57, 54, 56, 65]
3,12/06/22,17:49:06,False,0
[66, 62, 68, 64, 66, 68, 67, 69, 63, 60, 65, 59, 66, 67, 63, 66, 62, 64, 64, 63, 61, 61, 64, 63, 61, 65, 63, 64, 65, 59, 64, 64, 63, 61, 65, 65, 64, 65, 63, 66, 58, 57, 62, 60, 64, 65, 62, 62, 58, 56, 60, 63, 59, 57, 60, 62, 58, 53, 55, 53, 59, 57, 58, 63]
3,12/06/22,17:49:25,False,0
[68, 65, 67, 68, 69, 70, 70, 67, 65, 60, 65, 61, 65, 69, 62, 68, 64, 65, 65, 64, 62, 64, 66, 61, 62, 61, 66, 63, 66, 60, 63, 60, 67, 60, 67, 63, 65, 64, 64, 67, 60, 61, 64, 61, 65, 66, 64, 65, 56, 59, 61, 60, 62, 59, 63, 59, 57, 50, 56, 55, 56, 56, 56, 63]
3,12/06/22,17:49:45,False,0
[66, 63, 66, 64, 67, 66, 69, 68, 63, 59, 62, 61, 64, 68, 61, 63, 61, 66, 65, 62, 66, 65, 64, 62, 59, 62, 65, 60, 66, 61, 66, 60, 63, 62, 65, 62, 65, 66, 62, 66, 59, 60, 64, 61, 62, 64, 62, 60, 58, 57, 64, 60, 61, 56, 62, 60, 56, 51, 53, 58, 60, 57, 55, 62]
3,12/06/22,17:50:24,False,0
[64, 61, 68, 66, 66, 68, 67, 72, 62, 58, 63, 62, 65, 68, 62, 69, 62, 63, 66, 62, 60, 64, 66, 63, 59, 61, 67, 61, 63, 61, 63, 61, 65, 61, 65, 63, 65, 64, 65, 64, 61, 61, 60, 61, 63, 66, 65, 63, 54, 61, 62, 62, 60, 63, 60, 62, 58, 50, 55, 57, 61, 56, 59, 63]
3,12/06/22,17:50:44,False,0
[67, 61, 69, 66, 68, 68, 71, 66, 61, 60, 63, 64, 65, 67, 64, 67, 63, 64, 65, 63, 63, 63, 66, 64, 60, 62, 64, 62, 64, 59, 64, 63, 64, 61, 64, 64, 66, 63, 63, 66, 58, 60, 60, 64, 60, 61, 66, 64, 56, 56, 64, 58, 59, 60, 63, 60, 57, 52, 56, 60, 59, 51, 58, 60]
3,12/06/22,17:51:03,False,0
[64, 59, 68, 66, 65, 68, 69, 66, 60, 60, 65, 61, 62, 66, 65, 67, 66, 67, 63, 62, 62, 64, 66, 63, 62, 63, 62, 62, 66, 61, 65, 64, 64, 61, 66, 63, 63, 62, 61, 68, 58, 59, 65, 61, 64, 67, 64, 62, 58, 58, 61, 61, 60, 61, 62, 61, 56, 51, 56, 51, 58, 58, 55, 59]
3,12/06/22,17:51:23,False,0
[62, 61, 65, 65, 63, 70, 67, 69, 60, 60, 62, 62, 64, 67, 62, 63, 60, 64, 66, 63, 61, 62, 63, 62, 60, 63, 66, 61, 64, 63, 63, 64, 61, 62, 65, 62, 65, 61, 65, 64, 59, 57, 63, 60, 62, 64, 64, 57, 58, 58, 62, 62, 60, 59, 63, 61, 60, 52, 51, 55, 57, 55, 58, 64]
3,12/06/22,17:51:42,False,0
[62, 65, 68, 68, 65, 70, 67, 68, 63, 62, 63, 63, 65, 67, 60, 69, 64, 61, 65, 64, 65, 62, 63, 63, 61, 65, 65, 62, 65, 61, 64, 62, 62, 61, 65, 63, 65, 64, 64, 67, 60, 58, 63, 62, 60, 64, 62, 62, 56, 61, 62, 61, 61, 62, 66, 59, 53, 51, 55, 52, 59, 53, 54, 59]
3,12/06/22,17:52:02,False,0
[62, 62, 69, 66, 65, 68, 69, 71, 60, 60, 66, 61, 63, 68, 65, 66, 62, 63, 64, 62, 60, 63, 67, 62, 61, 62, 67, 60, 65, 63, 63, 65, 63, 61, 67, 67, 65, 64, 64, 64, 61, 60, 64, 63, 61, 65, 63, 63, 58, 60, 61, 61, 59, 63, 61, 61, 55, 52, 57, 57, 60, 53, 57, 63]
3,12/06/22,17:52:21,False,0
[63, 62, 65, 65, 66, 69, 67, 69, 64, 61, 63, 61, 66, 66, 62, 68, 62, 67, 65, 63, 63, 64, 63, 66, 60, 65, 65, 62, 63, 61, 66, 66, 64, 62, 65, 62, 64, 64, 61, 67, 59, 61, 62, 61, 63, 63, 61, 58, 57, 58, 61, 63, 60, 58, 62, 62, 59, 48, 55, 57, 61, 58, 61, 59]
